Date,Gold_Toman,USD_Toman,Ounce_Toman,Oil_Toman
2025-12-10,12681800.00,124930.00,524256239.80,7771895.19
2025-12-09,12679700.00,124870.00,525290653.39,7734447.63
2025-12-08,12713200.00,126280.00,528759640.66,7891237.41
2025-12-07,12706500.00,124005.00,522284234.78,7844556.09
2025-12-06,12449600.00,121995.00,513818517.17,7717403.50
2025-12-04,12248000.00,119705.00,504173495.62,7572538.10
2025-12-03,12295300.00,120455.00,505826657.97,7548914.63
2025-12-02,12120800.00,118695.00,496928498.59,7412502.84
2025-12-01,12210200.00,118975.00,504370694.26,7515650.53
2025-11-30,12054100.00,117380.00,488911198.93,7410199.53
2025-11-29,11834300.00,115860.00,482580094.63,7314241.92
2025-11-27,11469100.00,114170.00,475540906.30,7207552.22
2025-11-26,11496900.00,113640.00,473333350.20,7174093.32
2025-11-25,11355600.00,113460.00,469633654.16,7088980.75
2025-11-23,11277300.00,113760.00,461467440.00,7210108.92
2025-11-22,11125200.00,112910.00,458019415.00,7156235.92
2025-11-20,11349400.00,113520.00,460493880.00,7194897.72
2025-11-19,11345900.00,113360.00,462248066.46,7199493.41
2025-11-18,11128700.00,112550.00,457099320.50,7303369.43
2025-11-17,11182900.00,112495.00,457663413.99,7222178.66
2025-11-16,11107000.00,112190.00,469728300.04,7069091.71
2025-11-15,11225900.00,112830.00,472407915.98,7109418.11
2025-11-13,11558300.00,112530.00,471151846.01,7090515.11
2025-11-12,11397200.00,112610.00,473457473.00,7061773.00
2025-11-11,11008100.00,109840.00,451090890.55,7157174.80
2025-11-10,10571100.00,107670.00,442717484.97,6897339.94
2025-11-09,10455000.00,107860.00,429272003.47,6836166.92
2025-11-08,10430700.00,107805.00,429053108.97,6832681.02
2025-11-06,10501900.00,107840.00,429192405.47,6834899.32
2025-11-05,10468600.00,107860.00,429315163.27,6851267.25
2025-11-04,10472800.00,108215.00,427200350.22,6973374.86
2025-11-03,10488500.00,107970.00,431912396.27,7006173.23
2025-11-02,10497000.00,108320.00,433420821.29,7040800.00
2025-11-01,10626300.00,108870.00,435621536.32,7076550.00
2025-10-30,10381800.00,107300.00,429339495.24,6974500.00
2025-10-29,10455000.00,106910.00,425897361.78,6940597.00
2025-10-28,10352700.00,106930.00,424105760.78,6886292.16
2025-10-27,10545300.00,107980.00,432125151.46,7085647.90
2025-10-26,10743800.00,107840.00,444893920.00,7116361.37
2025-10-25,10649400.00,107020.00,441511010.00,7062249.57
2025-10-23,10895300.00,108480.00,447534240.00,7158594.97
2025-10-22,10863900.00,107560.00,435015653.50,6732180.42
2025-10-21,10912100.00,108890.00,445109647.68,6677134.77
2025-10-20,10974200.00,106410.00,461436313.61,6492073.92
2025-10-19,11081800.00,108340.00,463716889.16,6615240.55
2025-10-18,10847700.00,106500.00,455841320.80,6502890.15
2025-10-16,11274100.00,110250.00,471892071.53,6731865.15
2025-10-15,11170000.00,109580.00,457704691.30,6784097.78
2025-10-14,10843300.00,108890.00,450663064.27,6793647.03
2025-10-13,10934500.00,111200.00,456876330.86,7041183.97
2025-10-12,10842400.00,112140.00,442538087.48,7313770.94
2025-10-11,10922700.00,112700.00,444748015.50,7350294.14
2025-10-09,11142700.00,113285.00,447056601.03,7388447.84
2025-10-08,11372900.00,115690.00,467769382.65,7664462.50
2025-10-07,10929900.00,113970.00,453213113.13,7459336.15
2025-10-06,10530900.00,111160.00,438915260.00,7277645.34
2025-10-05,10604100.00,113870.00,437226633.44,7300205.77
2025-10-04,10954800.00,115380.00,443024580.37,7397011.87
2025-10-02,11081300.00,117860.00,452547036.25,7556004.67
2025-10-01,10906600.00,115440.00,446464200.00,7544003.82
2025-09-30,10674100.00,114130.00,438350509.57,7648992.22
2025-09-29,10460300.00,112040.00,428093625.06,7615358.94
2025-09-28,10159500.00,110520.00,413002177.21,7672298.20
2025-09-27,10357100.00,110120.00,411507417.25,7644530.20
2025-09-25,9975700.00,108290.00,404668890.42,7517491.60
2025-09-24,9948200.00,107205.00,400099790.97,7430378.29
2025-09-23,9651100.00,103490.00,391254304.11,6999028.42
2025-09-22,9360500.00,104000.00,389032794.92,6923279.97
2025-09-21,9674200.00,105860.00,385722076.83,7139198.66
2025-09-20,9235600.00,102610.00,373880051.99,6920018.65
2025-09-18,8741000.00,98845.00,360161521.67,6666107.04
2025-09-17,8839900.00,99235.00,365363427.85,6743017.95
2025-09-16,8841500.00,99645.00,367580430.77,6822693.27
2025-09-15,8680300.00,99255.00,365476756.15,6693757.44
2025-09-14,8425400.00,97980.00,356343452.43,6502932.87
2025-09-13,8462400.00,97685.00,355270566.96,6483353.72
2025-09-11,8634200.00,99300.00,361144160.30,6590541.27
2025-09-09,8850200.00,100830.00,367353943.92,6694103.64
2025-09-08,8806600.00,101100.00,367811919.87,6674621.66
2025-09-07,8819800.00,102680.00,366136349.01,6878532.98
2025-09-06,8764600.00,102980.00,367206089.03,6898629.98
2025-09-04,8614800.00,101440.00,361714756.95,6795465.38
2025-09-03,8760200.00,102570.00,368554518.99,6933731.84
2025-09-02,8769200.00,103200.00,366298069.92,7135247.94
2025-08-31,8940700.00,104830.00,359755599.12,7193434.89
2025-08-30,8611800.00,102620.00,352171321.01,7041784.68
2025-08-28,8343500.00,98900.00,339405024.83,6786518.27
2025-08-27,8296400.00,100000.00,340460009.77,6805000.31
2025-08-26,7967400.00,96650.00,327508199.44,6496813.12
2025-08-25,7861700.00,95800.00,323210044.68,6591040.29
2025-08-23,7764700.00,94100.00,314002280.81,6367746.83
2025-08-21,7845300.00,95060.00,317205704.72,6432710.03
2025-08-20,7735200.00,93750.00,313443740.84,6266249.66
2025-08-19,7593200.00,93345.00,309289313.88,6141167.64
2025-08-18,7586900.00,93850.00,312680040.42,6250409.86
2025-08-17,7513100.00,93290.00,313333118.44,6122622.44
2025-08-16,7401800.00,92760.00,311553007.47,6087838.55
2025-08-13,7623700.00,93670.00,314609424.43,6147561.84
2025-08-12,7449600.00,92490.00,309739751.97,6115439.05
2025-08-11,7496400.00,93275.00,312760411.61,6214912.99
2025-08-10,7492300.00,92000.00,310960000.00,6153879.94
2025-08-09,7457700.00,91830.00,310385400.00,6142508.64
2025-08-06,7593400.00,93450.00,315861000.00,6250870.44
2025-08-05,7592700.00,92960.00,314381414.92,6287814.34
2025-08-04,7641000.00,93410.00,315202694.88,6422871.80
2025-08-03,7672400.00,93800.00,314014255.42,6535045.83
2025-08-02,7524800.00,92400.00,309327475.49,6437507.83
2025-08-01,7398100.00,91180.00,305243281.55,6352510.43
2025-07-30,7210900.00,90560.00,298467652.42,6632614.21
2025-07-29,7148500.00,89600.00,297776631.25,6496896.19
2025-07-28,7144100.00,89250.00,295337183.72,6251070.08
2025-07-27,7122400.00,89205.00,297409470.00,6105190.42
2025-07-26,7025500.00,88000.00,293392000.00,6022720.21
2025-07-25,7008600.00,88050.00,293558700.00,6026142.21
2025-07-23,7107000.00,88440.00,300174212.64,6059024.59
2025-07-22,7134400.00,87990.00,302615203.70,6035233.78
2025-07-21,7182500.00,88110.00,299741400.40,6098093.02
2025-07-20,7078600.00,87895.00,294711935.00,6089365.49
2025-07-19,6945100.00,86760.00,290906280.00,6010732.69
2025-07-18,6985100.00,87560.00,293588680.00,6066156.69
2025-07-16,7081800.00,88740.00,297500850.00,6080464.50
2025-07-15,7127500.00,88840.00,295819436.34,6104196.32
2025-07-14,7126100.00,89420.00,299691130.00,6188758.12
2025-07-12,7155700.00,88900.00,298348400.00,6255004.05
2025-07-11,6966400.00,87090.00,292274040.00,6127652.45
2025-07-09,7055300.00,88285.00,292364614.62,6196724.37
2025-07-08,7033100.00,87830.00,290453810.00,6161274.63
2025-07-07,6932400.00,87040.00,290034683.75,6056243.36
2025-07-06,7138800.00,88370.00,295862760.00,6107250.75
2025-07-02,7437100.00,91600.00,306676800.00,6330476.06
2025-07-01,7499700.00,91390.00,304941008.54,6133182.96
2025-06-30,7407300.00,91720.00,302162359.04,6201189.26
2025-06-29,7356300.00,90695.00,296908217.07,6146399.85
2025-06-28,7067500.00,88120.00,288478439.70,5971892.10
2025-06-27,6744100.00,84570.00,276856804.87,5731308.62
2025-06-25,6718900.00,83680.00,278411736.17,5663462.43
2025-06-24,6774100.00,82870.00,274912929.91,5563891.75
2025-06-11,6774100.00,83535.00,277444799.58,5828236.67
2025-06-10,6588700.00,82740.00,274771257.92,5532824.03
2025-06-09,6461000.00,81910.00,272932319.00,5491246.47
2025-06-08,6551300.00,82495.00,274106132.47,5483442.75
2025-06-07,6500300.00,82285.00,273408365.48,5469484.05
2025-06-06,6427800.00,82070.00,272693984.99,5455193.00
2025-06-02,6617300.00,82385.00,277686889.05,5324542.32
2025-06-01,6605300.00,82365.00,270890240.46,5263123.63
2025-05-31,6416000.00,82250.00,270512016.97,5255775.13
2025-05-30,6442300.00,82740.00,272123577.92,5287086.13
2025-05-28,6440000.00,82270.00,270964480.03,5339323.13
2025-05-27,6442300.00,82685.00,272786091.57,5299281.35
2025-05-26,6460300.00,82830.00,278606996.09,5365727.30
2025-05-25,6481300.00,82250.00,276656108.03,5328154.90
2025-05-24,6536300.00,82350.00,276992468.04,5334632.90
2025-05-23,6568800.00,82915.00,278892902.10,5371233.60
2025-05-21,6531700.00,82710.00,273712207.04,5368706.40
2025-05-20,6481800.00,83190.00,272888161.06,5438961.97
2025-05-19,6592600.00,84065.00,271437470.29,5509620.18
2025-05-18,6256700.00,81855.00,260462610.00,5354135.85
2025-05-17,6220700.00,81800.00,260287600.00,5350538.30
2025-05-16,6309800.00,82335.00,261989970.00,5385532.65
2025-05-14,6434700.00,83110.00,264406145.88,5492739.60
2025-05-13,6460500.00,83210.00,269625367.06,5544282.07
2025-05-12,6582200.00,83500.00,268870000.00,5424159.92
2025-05-11,6541100.00,83490.00,278472537.85,5335845.89
2025-05-10,6648200.00,83195.00,277488594.88,5316992.44
2025-05-09,6718900.00,83550.00,278672661.84,5339680.49
2025-05-07,6695800.00,83060.00,280859075.89,5076627.11
2025-05-06,6668300.00,82050.00,279905361.99,5099407.63
2025-05-05,6688900.00,82465.00,273066358.53,4966866.91
2025-05-04,6779800.00,84440.00,272901627.75,5175327.68
2025-05-03,6806800.00,85870.00,277523244.61,5262972.38
2025-05-02,6775900.00,85690.00,276941502.63,5251940.18
2025-04-30,6417400.00,81945.00,270828225.00,5172368.31
2025-04-29,6486900.00,81390.00,270117135.97,5229307.50
2025-04-28,6491000.00,80965.00,269815862.50,5332354.95
2025-04-27,6534700.00,81265.00,266744228.06,5434190.77
2025-04-26,6694000.00,82700.00,271454471.92,5530149.23
2025-04-25,6653100.00,82360.00,270338455.96,5507413.43
2025-04-22,6506500.00,80875.00,275039703.95,5454210.20
2025-04-21,6569300.00,80835.00,275340173.05,5356127.27
2025-04-20,6633000.00,81975.00,272698043.01,5398053.62
2025-04-19,6554300.00,82790.00,275409222.08,5451721.37
2025-04-18,6564400.00,83190.00,276739862.12,5478061.37
2025-04-16,6871000.00,85595.00,284740335.36,5636430.62
2025-04-15,6975400.00,87700.00,282279985.72,5671558.84
2025-04-14,6733200.00,87980.00,281958308.30,5708142.16
2025-04-13,6757900.00,88080.00,283811371.70,5704060.99
2025-04-12,6643200.00,85990.00,277076973.80,5568712.58
2025-04-11,7378200.00,96215.00,310023968.30,6230883.61
2025-04-09,7639800.00,100890.00,308370285.00,6606277.54
2025-04-08,7543100.00,99970.00,296750938.24,6280115.37
2025-04-07,7364400.00,99795.00,294524988.37,6407836.86
2025-04-06,7823600.00,105555.00,317931660.00,6922297.09
2025-04-05,7986300.00,104520.00,314814240.00,6854421.79
2025-04-04,7710500.00,102565.00,308925780.00,6726212.89
2025-04-02,8238200.00,102780.00,322718911.96,7703360.69
2025-03-29,8181700.00,102780.00,317230470.00,7567691.12
2025-03-28,8281400.00,103895.00,320671917.50,7649788.56
2025-03-26,8114200.00,102190.00,308705761.02,7540600.19
2025-03-25,7994900.00,101920.00,308175499.02,7442198.06
2025-03-24,7938800.00,101785.00,306688393.44,7430305.00
2025-03-17,8109400.00,97780.00,293340000.00,6949224.57
2025-03-16,7697800.00,94320.00,282441240.00,6657105.77
2025-03-15,7379400.00,93130.00,278877785.00,6573115.57
2025-03-14,6871300.00,91135.00,272903757.50,6432308.47
2025-03-12,6811000.00,92305.00,271293634.51,6549039.47
2025-03-11,6725800.00,92680.00,269967562.95,6446820.57
2025-03-10,6674600.00,92285.00,266795935.00,6393504.69
2025-03-09,6734100.00,92385.00,268350704.99,6500208.66
2025-03-08,6718200.00,92210.00,267842382.50,6487895.66
2025-03-07,6635800.00,91220.00,264966729.55,6418239.26
2025-03-05,6378600.00,89170.00,259957305.35,6179481.27
2025-03-04,6391500.00,88490.00,257470512.64,6286329.68
2025-03-03,6435400.00,90480.00,261505291.58,6480177.85
2025-03-02,6377400.00,90735.00,257397052.43,6639987.33
2025-03-01,6511100.00,92230.00,261638068.50,6749391.43
2025-02-28,6435800.00,92160.00,261439492.50,6744268.83
2025-02-26,6630000.00,92520.00,269862340.52,6710475.49
2025-02-25,6718400.00,92595.00,268942177.50,6761286.59
2025-02-24,6580600.00,91830.00,270705648.03,6867047.29
2025-02-23,6656800.00,91315.00,268246952.92,6796575.48
2025-02-22,6741500.00,92740.00,272433033.06,6902638.23
2025-02-21,6792300.00,93580.00,274900617.14,6965159.43
2025-02-19,6903400.00,93070.00,271708548.91,7077042.89
2025-02-18,6756500.00,92170.00,270205581.00,6990172.46
2025-02-17,6582200.00,91995.00,265276790.98,6875706.10
2025-02-16,6473500.00,90820.00,261888560.87,6787886.61
2025-02-15,6509000.00,90705.00,261556946.86,6779291.51
2025-02-14,6543000.00,90615.00,261297422.85,6772564.91
2025-02-12,6550400.00,89060.00,259075540.00,6695530.83
2025-02-11,6382700.00,88350.00,257319375.00,6802950.00
2025-02-10,6394800.00,88150.00,256895549.30,6687940.74
2025-02-08,6620100.00,91365.00,261970868.96,6821311.23
2025-02-07,6327300.00,88960.00,255075012.34,6641753.93
2025-02-05,5964200.00,85460.00,245406944.35,6376170.65
2025-02-04,5902300.00,85270.00,243300895.16,6497573.74
2025-02-03,5771200.00,84595.00,239733762.24,6425836.12
2025-02-02,5704500.00,83865.00,235870312.50,6437477.58
2025-02-01,5664500.00,84050.00,236390625.00,6451678.18
2025-01-31,5676300.00,83765.00,235589062.50,6429801.58
2025-01-29,5582800.00,83510.00,231247549.16,6395195.95
2025-01-28,5534500.00,83230.00,230280768.06,6449492.52
2025-01-26,5599000.00,83930.00,233098793.10,6588505.00
2025-01-25,5610300.00,83880.00,232959928.10,6584580.00
2025-01-24,5558600.00,83390.00,231599051.07,6546115.00
2025-01-22,5516300.00,83905.00,232215486.19,6628495.00
2025-01-21,5482400.00,82570.00,227480350.00,6546975.38
2025-01-20,5411700.00,82335.00,225951944.52,6651844.73
2025-01-19,5279700.00,81020.00,222343189.96,6545605.87
2025-01-18,5247800.00,80670.00,221382684.94,6517329.37
2025-01-17,5253800.00,80530.00,220998482.93,6506018.77
2025-01-15,5229800.00,80070.00,217189875.00,6568142.00
2025-01-14,5258700.00,80485.00,215498587.50,6432361.05
2025-01-12,5328400.00,81460.00,220634410.00,6497249.77
2025-01-11,5283400.00,80665.00,218481152.50,6433840.57
2025-01-10,5353500.00,81950.00,221961575.00,6536332.18
2025-01-08,5285000.00,81390.00,216863655.00,6198662.70
2025-01-07,5271800.00,80410.00,213625243.07,6195590.75
2025-01-06,5224000.00,80080.00,211283064.18,6110104.24
2025-01-05,5117400.00,79345.00,209867525.00,6070686.12
2025-01-04,5120600.00,79545.00,210396525.00,6085988.12
2025-01-03,5156400.00,79835.00,211163575.00,6108176.02
2025-01-01,5195600.00,80635.00,212005538.06,6018596.35
2024-12-31,5218500.00,81230.00,213569912.03,6063007.15
2024-12-30,5241300.00,81305.00,211888968.44,6048278.90
2024-12-29,5230500.00,81320.00,212830700.03,6031504.25
2024-12-28,5161200.00,79715.00,208630094.11,5912461.40
2024-12-27,5263000.00,81060.00,212150228.04,6012220.05
2024-12-25,5143200.00,79385.00,207988700.00,5841148.45
2024-12-24,5077700.00,78595.00,205918900.00,5783020.24
2024-12-23,5049300.00,78660.00,205483521.84,5713075.58
2024-12-22,4987200.00,77880.00,204723152.20,5680567.39
2024-12-21,4907100.00,76280.00,200517232.28,5563863.39
2024-12-20,4891800.00,76240.00,200412084.28,5560945.79
2024-12-18,4871000.00,76755.00,202364557.50,5633049.40
2024-12-17,4969400.00,77365.00,204583998.44,5662344.54
2024-12-16,4912400.00,76630.00,203176774.52,5663723.58
2024-12-15,4941700.00,75950.00,201723200.00,5657515.34
2024-12-14,4853500.00,74710.00,198429760.00,5565147.74
2024-12-13,4867600.00,74715.00,198443040.00,5565520.19
2024-12-11,4818200.00,72960.00,199458051.56,5364018.96
2024-12-10,4861300.00,73195.00,197450839.15,5283947.23
2024-12-09,4757900.00,72320.00,192725560.94,5217164.76
2024-12-08,4694200.00,71885.00,189675768.02,5112461.40
2024-12-07,4657900.00,71920.00,189768119.02,5114950.60
2024-12-06,4615000.00,71560.00,188818222.99,5089347.40
2024-12-03,4686600.00,71480.00,189043152.51,5262357.80
2024-12-02,4621700.00,71095.00,187328208.56,5106753.98
2024-12-01,4591900.00,70415.00,187092655.00,5136070.27
2024-11-30,4564900.00,69900.00,185724300.00,5098506.17
2024-11-29,4579500.00,70400.00,187052800.00,5134976.17
2024-11-27,4563100.00,70140.00,185162579.15,5108296.33
2024-11-26,4511100.00,69905.00,183172074.91,5089782.88
2024-11-25,4470300.00,69595.00,182116199.40,5081131.10
2024-11-24,4473500.00,69370.00,187985756.23,5214542.77
2024-11-23,4567700.00,68960.00,186874697.27,5183723.07
2024-11-22,4660500.00,69905.00,189435552.67,5254758.72
2024-11-20,4519700.00,69225.00,183321641.62,5040272.08
2024-11-19,4495000.00,68930.00,181086009.73,5053258.13
2024-11-18,4436100.00,68905.00,179883399.73,5050736.71
2024-11-17,4356900.00,68445.00,175609333.16,4862332.86
2024-11-16,4287200.00,68175.00,174916594.17,4843152.06
2024-11-15,4296200.00,68240.00,175083364.67,4847769.66
2024-11-13,4298300.00,68330.00,176346067.34,4938892.32
2024-11-12,4374400.00,68440.00,177944000.00,4920151.56
2024-11-11,4322300.00,67820.00,177091580.69,4871510.72
2024-11-10,4246300.00,66920.00,179847500.00,4943380.58
2024-11-09,4445800.00,68265.00,183462187.50,5042735.74
2024-11-08,4546700.00,69220.00,186028750.00,5113281.59
2024-11-06,4543200.00,69045.00,184184448.74,5172851.27
2024-11-05,4570900.00,69625.00,190793390.90,5258776.17
2024-11-04,4609700.00,68890.00,188489935.73,5172261.33
2024-11-03,4618500.00,68960.00,188853862.73,5040975.89
2024-11-02,4679000.00,69325.00,189853451.77,5067657.39
2024-11-01,4659300.00,69480.00,190277934.79,5078987.89
2024-10-30,4612700.00,68230.00,190259355.00,4950086.71
2024-10-29,4750800.00,69240.00,191684009.24,4924348.99
2024-10-28,4626800.00,68400.00,187614353.32,4885127.87
2024-10-27,4536300.00,67480.00,184955925.41,5131854.21
2024-10-26,4448100.00,66085.00,181132370.05,5025764.45
2024-10-25,4376800.00,65530.00,179611170.60,4983556.70
2024-10-23,4597000.00,67950.00,184443473.36,5093531.94
2024-10-22,4567700.00,67730.00,185864662.69,5150189.26
2024-10-21,4436800.00,66150.00,180133071.46,4914283.56
2024-10-20,4325500.00,64855.00,175997010.33,4738306.14
2024-10-19,4275900.00,64195.00,174205968.37,4690086.54
2024-10-18,4253500.00,63960.00,173568248.88,4672917.44
2024-10-16,4179400.00,63660.00,170226840.00,4724845.28
2024-10-15,4162500.00,63335.00,168559762.81,4702623.75
2024-10-14,4105000.00,62765.00,166189170.06,4861776.84
2024-10-13,4107800.00,63150.00,167827446.17,4991376.06
2024-10-12,4081900.00,62845.00,167016878.14,4967268.86
2024-10-11,4036500.00,62495.00,166086718.10,4939604.86
2024-10-09,4092800.00,63550.00,165611300.00,4866659.12
2024-10-08,4067400.00,62935.00,164575025.00,4857323.32
2024-10-07,4034600.00,62545.00,165419019.05,5061766.87
2024-10-06,4099900.00,62845.00,166275304.07,4905052.44
2024-10-05,4141000.00,63455.00,167889242.10,4952662.94
2024-10-04,4093000.00,62390.00,165071465.05,4869539.69
2024-10-02,4105000.00,62690.00,165946705.12,4632791.10
2024-10-01,4078500.00,62255.00,166052764.54,4579477.65
2024-09-30,4050100.00,61495.00,162106975.51,4413495.94
2024-09-29,3937600.00,60375.00,159649615.45,4345792.70
2024-09-28,3978700.00,60610.00,160271025.96,4362708.00
2024-09-27,4026100.00,60700.00,160509012.96,4369186.20
2024-09-25,3905100.00,60030.00,159631773.07,4409803.75
2024-09-24,3878100.00,59715.00,158316405.08,4488776.44
2024-09-23,3907200.00,60485.00,158863852.50,4469841.59
2024-09-22,3849700.00,59780.00,153676443.08,4402797.09
2024-09-21,3805400.00,59550.00,153085182.09,4385857.59
2024-09-18,3738200.00,59230.00,152262558.11,4362289.59
2024-09-17,3731300.00,59235.00,151896313.39,4365619.32
2024-09-16,3733100.00,59515.00,153572500.19,4329716.25
2024-09-15,3709300.00,59100.00,152554832.89,4232151.04
2024-09-14,3689500.00,59040.00,152399954.88,4227854.44
2024-09-13,3706300.00,59390.00,153303409.90,4252917.94
2024-09-10,3662900.00,59750.00,150109927.92,4134102.65
2024-09-09,3652300.00,59615.00,149144809.91,4282741.38
2024-09-08,3629200.00,59675.00,148799612.50,4240505.35
2024-09-07,3606600.00,59450.00,148238575.00,4224516.85
2024-09-06,3603800.00,59750.00,148986625.00,4245834.85
2024-09-04,3645400.00,59900.00,149354654.15,4354729.82
2024-09-02,3643300.00,59890.00,149353684.92,4719332.18
2024-08-31,3675400.00,59900.00,149378622.92,4720120.18
2024-08-30,3624400.00,59480.00,148331226.90,4687024.18
2024-08-28,3632000.00,59395.00,148546895.00,4671416.84
2024-08-27,3614700.00,59000.00,148444000.00,4693450.18
2024-08-26,3588300.00,59125.00,148859009.61,4814548.77
2024-08-25,3617700.00,59320.00,148798282.21,4687466.20
2024-08-23,3587200.00,58265.00,146151920.31,4604100.10
2024-08-21,3582800.00,58410.00,146515638.30,4442080.68
2024-08-20,3575900.00,58160.00,146057210.84,4489951.82
2024-08-19,3537600.00,57985.00,145066875.83,4503115.31
2024-08-18,3556000.00,58310.00,145693371.69,4646140.82
2024-08-16,3477500.00,57705.00,144181718.64,4597934.42
2024-08-14,3467100.00,58765.00,143351335.26,4687096.53
2024-08-13,3475200.00,58835.00,145128291.63,4747396.29
2024-08-12,3497800.00,59570.00,146685162.18,4902611.18
2024-08-11,3542200.00,60025.00,145986808.36,4781591.72
2024-08-10,3468300.00,59410.00,144491066.80,4732600.82
2024-08-09,3522100.00,59770.00,145366622.84,4761278.42
2024-08-07,3561300.00,61000.00,145820500.00,4778130.11
2024-08-06,3582600.00,61401.00,146693135.10,4695948.69
2024-08-05,3519800.00,61140.00,146839935.01,4664982.19
2024-08-04,3560200.00,61490.00,149156290.00,4723046.75
2024-08-03,3599900.00,60900.00,147725127.03,4677728.85
2024-08-02,3697500.00,61527.00,149246040.90,4725888.72
2024-07-31,3615600.00,60600.00,147045900.00,4891632.07
2024-07-30,3562700.00,60040.00,144396200.00,4720945.04
2024-07-29,3461600.00,59350.00,141092757.90,4734942.93
2024-07-28,3427900.00,58940.00,140277200.00,4781802.04
2024-07-27,3406200.00,59084.00,140619920.00,4793484.76
2024-07-26,3388200.00,58646.00,139577480.00,4757949.82
2024-07-24,3373400.00,58761.00,141807924.17,4801361.26
2024-07-23,3395800.00,58460.00,140572921.71,4735844.72
2024-07-22,3363000.00,58176.00,139156992.00,4793702.49
2024-07-21,3343600.00,57596.00,137971218.00,4759157.32
2024-07-20,3353100.00,57611.00,138007150.50,4760396.77
2024-07-19,3362100.00,57577.00,137925703.50,4757587.35
2024-07-17,3388200.00,57220.00,140463658.79,4868277.70
2024-07-16,3396300.00,57330.00,141169386.40,4800241.09
2024-07-13,3398600.00,57917.00,139811638.00,4924682.44
2024-07-12,3384500.00,57990.00,139987860.00,4930889.63
2024-07-10,3372300.00,57965.00,137504570.17,4931662.31
2024-07-09,3357000.00,58510.00,138089456.71,4953456.81
2024-07-08,3340900.00,58879.00,138671817.93,5048874.25
2024-07-07,3380800.00,58852.00,140568002.00,5093052.13
2024-07-06,3425400.00,58851.00,140565613.50,5092965.59
2024-07-05,3432100.00,59830.00,142903955.00,5177688.25
2024-07-03,3493900.00,60876.00,143655187.77,5316909.62
2024-07-02,3481000.00,60375.00,140251125.00,5206739.87
2024-07-01,3478500.00,60814.00,141550672.34,5266492.31
2024-06-30,3530600.00,61362.00,142832324.40,5302290.64
2024-06-29,3548200.00,61691.00,143598137.69,5330719.54
2024-06-28,3512400.00,61020.00,142036251.02,5272738.42
2024-06-26,3498100.00,60320.00,138687741.05,5142280.00
2024-06-25,3438100.00,60120.00,139273997.87,5110801.33
2024-06-23,3460400.00,60450.00,140026374.10,5152757.87
2024-06-22,3409700.00,60270.00,139609422.11,5137414.67
2024-06-21,3363700.00,60120.00,139261962.13,5124628.67
2024-06-19,3366900.00,61480.00,143272986.00,5246088.51
2024-06-18,3362230.00,59610.00,138915138.18,5086521.41
2024-06-17,3355900.00,60470.00,139830822.09,5094597.50
2024-06-15,3365800.00,60260.00,140490158.12,4978681.37
2024-06-14,3349900.00,59650.00,139068004.17,4928283.16
2024-06-12,3311300.00,61590.00,143874240.00,5087333.91
2024-06-11,3321900.00,60830.00,140365225.00,4983193.49
2024-06-10,3298100.00,60990.00,140746620.02,4978613.53
2024-06-09,3312200.00,60850.00,140271417.03,4844877.17
2024-06-08,3333000.00,61160.00,140986029.01,4869559.37
2024-06-07,3332800.00,60390.00,139211025.05,4808251.97
2024-06-05,3370600.00,60190.00,141693284.88,4719498.12
2024-06-04,3359600.00,59980.00,139483490.00,4649649.40
2024-06-01,3393500.00,60310.00,140094093.11,4922502.37
2024-05-31,3333500.00,59960.00,139281078.14,4893935.36
2024-05-29,3369000.00,60540.00,141681764.96,5061143.91
2024-05-28,3370200.00,61650.00,145198076.99,5192163.08
2024-05-27,3396500.00,59820.00,139530150.00,4912418.56
2024-05-26,3354200.00,61410.00,143238825.00,5042989.37
2024-05-25,3289400.00,61220.00,142795650.00,5027386.57
2024-05-24,3277800.00,61450.00,143332125.00,5046274.17
2024-05-22,3326800.00,60070.00,143519241.07,4919733.09
2024-05-21,3336200.00,60100.00,145544167.07,4981087.83
2024-05-20,3355200.00,60470.00,147177927.09,5061943.64
2024-05-19,3369700.00,60560.00,146082829.04,5085829.00
2024-05-18,3600800.00,60860.00,146806489.03,5111023.00
2024-05-17,3305800.00,60770.00,146589391.03,5103464.80
2024-05-15,3364200.00,60060.00,143465319.07,4969965.00
2024-05-14,3372300.00,59730.00,140568576.17,4920557.24
2024-05-13,3347600.00,59500.00,138997955.81,4959920.04
2024-05-12,3346600.00,62900.00,148903173.07,5207491.06
2024-05-11,3374800.00,60160.00,142416770.94,4980646.46
2024-05-10,3405000.00,63370.00,150015804.09,5246402.36
2024-05-08,3408500.00,63460.00,146821062.20,5303986.92
2024-05-07,3417000.00,59950.00,138796237.07,4985442.22
2024-05-06,3427900.00,59720.00,138645957.83,4976467.71
2024-05-05,3496700.00,60220.00,138499972.12,5024756.95
2024-05-04,3363000.00,60610.00,139396933.08,5057298.55
2024-05-01,3448700.00,59730.00,137373021.17,4983871.35
2024-04-30,3437100.00,63100.00,144587333.84,5543966.04
2024-04-29,3457000.00,64410.00,151067207.71,5693844.10
2024-04-28,3500400.00,62750.00,146508703.06,5616125.00
2024-04-27,3326500.00,62010.00,144780951.03,5549895.00
2024-04-26,3436000.00,60060.00,140228090.93,5375370.00
2024-04-24,3523200.00,64420.00,149744290.00,5670248.18
2024-04-23,3533900.00,61370.00,142850946.00,5426335.29
2024-04-22,3563900.00,61830.00,144199922.98,5379210.00
2024-04-21,3641000.00,64010.00,153521577.75,5587432.96
2024-04-20,3712600.00,62760.00,150523577.87,5478320.46
2024-04-19,3662000.00,62900.00,150859353.86,5490541.06
2024-04-17,3829800.00,60090.00,142515450.07,5245256.16
2024-04-16,3826800.00,59790.00,142945934.92,5382295.60
2024-04-15,3789200.00,61920.00,146490339.02,5578991.91
2024-04-14,3743300.00,63840.00,150419804.88,5774327.81
2024-04-13,3734900.00,61880.00,145801652.98,5597045.81
2024-04-12,3879000.00,64100.00,151032416.87,5797844.80
2024-04-08,3623700.00,63700.00,148529286.89,5757205.83
2024-04-07,3526000.00,60870.00,141565356.03,5549517.79
2024-04-06,3552800.00,64000.00,148844796.88,5834879.88
2024-04-05,3680900.00,64700.00,150472786.84,5898698.88
2024-04-03,3594800.00,64100.00,147071033.74,5727334.90
2024-04-02,3549800.00,63474.00,143514714.00,5644107.96
2024-04-01,3435500.00,63290.00,141548085.00,5532811.68
2024-03-29,3308500.00,61833.40,135452252.08,5323237.18
2024-03-27,3273400.00,61658.00,135068020.82,5308136.99
2024-03-26,3260500.00,61395.00,133570968.00,5295318.75
2024-03-25,3222700.00,60838.00,132310485.37,5277696.50
2024-03-24,3227700.00,61403.00,132464694.90,5240131.80
2024-03-23,3262600.00,61810.00,133342716.02,5274865.17
2024-03-17,3253600.00,60351.00,130195215.25,5150354.12
2024-03-16,3200700.00,60026.00,129494092.73,5122618.62
2024-03-15,3138200.00,60108.00,129670991.33,5129616.50
2024-03-13,3107700.00,59380.00,129175246.20,4989701.33
2024-03-12,3084800.00,59534.00,128617247.79,4877025.17
2024-03-11,3093400.00,59709.00,130314892.50,4908676.84
2024-03-10,3131200.00,59941.00,130587468.45,4919957.39
2024-03-09,3091100.00,59285.00,129158306.79,4866112.91
2024-03-08,3150900.00,60534.00,131879378.31,4968630.83
2024-03-06,3188280.00,60563.90,130230557.13,5024381.09
2024-03-05,3189200.00,60989.00,130120031.50,5003537.62
2024-03-04,3164500.00,60947.00,129067458.92,5046411.79
2024-03-03,3107000.00,60502.00,126261617.89,5054942.28
2024-03-02,2987200.00,59339.00,123834553.31,4957773.63
2024-03-01,2990200.00,59313.00,123780293.91,4955601.33
2024-02-28,2900100.00,58466.00,118861378.00,4892434.90
2024-02-27,2898800.00,58109.00,118193706.00,4860817.94
2024-02-26,2910800.00,58605.00,118880242.50,4836670.58
2024-02-25,2877100.00,58249.10,118746613.84,4754291.70
2024-02-23,2864100.00,57267.00,116744504.80,4674132.70
2024-02-21,2841300.00,57271.00,115819146.10,4755211.06
2024-02-20,2827000.00,57029.00,115626297.50,4695767.65
2024-02-19,2799000.00,56506.00,113661819.00,4716555.89
2024-02-18,2824400.00,57036.00,114727914.00,4760794.99
2024-02-16,2805500.00,56302.00,113251473.00,4699528.01
2024-02-14,2776600.00,56027.00,111510540.84,4571803.11
2024-02-13,2757500.00,55580.00,110765383.36,4600356.41
2024-02-12,2742900.00,55469.00,111947533.09,4548458.00
2024-02-11,2749400.00,55195.00,111676046.20,4536477.18
2024-02-09,2753500.00,54902.00,111083219.28,4512395.51
2024-02-06,2788200.00,55738.00,113398961.00,4380449.22
2024-02-05,2768790.00,55701.50,112834525.83,4344159.87
2024-02-04,2762800.00,55388.00,112775505.45,4283154.14
2024-02-03,2754700.00,55137.00,112264444.35,4263744.31
2024-02-02,2781500.00,56378.00,114791244.42,4359710.84
2024-01-31,2793950.00,57649.60,118089435.01,4710548.76
2024-01-30,2884200.00,58403.00,118645694.50,4839856.77
2024-01-29,2910800.00,58289.00,118046879.95,4803013.69
2024-01-28,2909100.00,58299.00,117577426.05,4870881.63
2024-01-27,2797200.00,55863.00,112664501.13,4667353.82
2024-01-26,2804800.00,56300.00,113545842.75,4703865.17
2024-01-23,2752800.00,55659.00,112637115.58,4427673.62
2024-01-22,2731600.00,54892.00,110870864.28,4394653.39
2024-01-21,2710800.00,54051.00,109534351.50,4246246.43
2024-01-20,2722100.00,53908.00,109244562.00,4235012.35
2024-01-19,2729300.00,54223.00,109882909.50,4259758.75
2024-01-17,2694400.00,54029.00,108198474.08,4207778.37
2024-01-16,2709700.00,53651.00,108696926.00,4200336.84
2024-01-15,2673700.00,52904.00,108278614.22,4141854.21
2024-01-14,2657700.00,52463.00,107376019.54,4107328.32
2024-01-13,2655200.00,52086.00,106604413.66,4077812.99
2024-01-12,2692100.00,52468.00,107386253.04,4107719.77
2024-01-10,2613900.00,51602.00,104323760.88,3963033.76
2024-01-09,2608600.00,51978.00,105328220.47,4032972.83
2024-01-08,2594700.00,51484.00,104337473.14,3918962.22
2024-01-07,2565800.00,50949.00,104058238.84,4012743.35
2024-01-06,2582000.00,50976.00,104113383.64,4014869.87
2024-01-05,2567700.00,50974.00,104109298.84,4014712.35
2024-01-03,2564700.00,51417.00,104592458.89,4023380.25
2024-01-02,2550400.00,50829.00,104931382.64,3857412.78
2024-01-01,2545100.00,50643.00,104446118.25,3901536.77
2023-12-31,2525200.00,50598.00,104353310.26,3898069.97
2023-12-30,2504900.00,50563.00,104281126.26,3895373.57
2023-12-29,2515500.00,50616.00,104390433.46,3899456.69
2023-12-27,2501900.00,50319.00,104759121.19,4007908.43
2023-12-26,2506000.00,50345.00,103620076.54,4081469.13
2023-12-25,2476500.00,50104.00,103068943.29,3961723.26
2023-12-24,2455500.00,50089.00,103038086.79,3960537.21
2023-12-23,2469100.00,50069.00,102996944.79,3958955.81
2023-12-22,2488300.00,50301.00,103474192.01,3977300.05
2023-12-20,2463800.00,50076.00,101879622.00,3991057.05
2023-12-19,2457630.00,50071.20,102065135.30,3967141.34
2023-12-18,2454300.00,50056.00,101428475.24,3901865.05
2023-12-17,2447600.00,50238.00,101536020.57,3845719.05
2023-12-15,2456900.00,50467.00,101998852.47,3863249.00
2023-12-13,2482300.00,50467.00,100040736.56,3747679.53
2023-12-12,2449300.00,50446.00,99772101.26,3694664.93
2023-12-11,2444400.00,50464.00,99817792.00,3836777.86
2023-12-10,2438200.00,50617.00,101147953.57,3838793.09
2023-12-09,2454100.00,50535.00,100984092.97,3832574.21
2023-12-08,2451300.00,50531.00,100976099.77,3832270.85
2023-12-06,2475600.00,50517.00,102574768.50,3753413.25
2023-12-05,2467300.00,50424.00,101780844.00,3892732.65
2023-12-04,2495400.00,50501.00,102219072.87,3940592.97
2023-12-03,2492900.00,50651.00,104898221.00,3995350.74
2023-12-02,2523600.00,50591.00,104773961.00,3990617.94
2023-12-01,2525400.00,50483.00,104550293.00,3982098.90
2023-11-29,2479000.00,50695.00,103777733.26,4212754.42
2023-11-28,2475100.00,50701.00,103414827.22,4141257.70
2023-11-27,2457590.00,50623.20,101843756.23,4048843.71
2023-11-26,2437700.00,50424.00,100958930.34,4063166.01
2023-11-25,2440700.00,50251.00,100612549.75,4049225.67
2023-11-24,2451100.00,50428.00,100966939.14,4063488.33
2023-11-22,2422200.00,50374.00,100314784.83,4128652.99
2023-11-21,2414400.00,50219.00,100402849.15,4140556.40
2023-11-20,2422200.00,50199.00,99278559.85,4132381.66
2023-11-19,2403100.00,50401.00,99874620.37,4062824.64
2023-11-18,2424100.00,50304.00,99682405.17,4055005.47
2023-11-17,2434000.00,50640.00,100348222.76,4082090.43
2023-11-15,2424600.00,50943.00,99853373.06,4135552.76
2023-11-14,2422200.00,50907.00,99869355.09,4198300.35
2023-11-13,2416900.00,51151.00,99514270.50,4220980.35
2023-11-12,2413000.00,51180.00,98910466.75,4167587.42
2023-11-11,2409100.00,51337.00,99213884.95,4180371.93
2023-11-10,2423600.00,51325.00,99190693.75,4179394.77
2023-11-08,2437500.00,51353.00,100215379.50,4084617.67
2023-11-07,2434900.00,51052.00,100409076.09,4166353.75
2023-11-06,2438200.00,51219.00,101495569.15,4362834.44
2023-11-05,2465400.00,51352.00,102267508.00,4359271.25
2023-11-04,2469600.00,51236.00,102036494.00,4349424.01
2023-11-03,2465900.00,51140.00,101845310.00,4341274.57
2023-11-01,2516700.00,52135.00,103164740.55,4412184.91
2023-10-31,2498700.00,51686.00,102607044.68,4517873.45
2023-10-30,2496100.00,51638.00,103079773.08,4515742.94
2023-10-29,2485700.00,51460.00,102333354.74,4656100.97
2023-10-28,2496600.00,51339.00,102092734.15,4645152.89
2023-10-27,2528700.00,52149.00,103703500.13,4718441.70
2023-10-25,2476500.00,51609.00,102397415.64,4651519.03
2023-10-24,2459200.00,51186.00,101092350.00,4507951.00
2023-10-23,2433100.00,50754.00,100305132.68,4559231.91
2023-10-22,2406100.00,50616.00,98969467.27,4631364.00
2023-10-21,2413930.00,50636.20,99008964.33,4633212.30
2023-10-18,2417980.00,50880.50,99486644.13,4655565.75
2023-10-17,2437500.00,51336.00,98703724.69,4615106.48
2023-10-16,2397300.00,50992.00,97960729.96,4571432.88
2023-10-15,2346800.00,50298.00,94022053.86,4325628.00
2023-10-14,2407500.00,50752.00,94870716.08,4364672.00
2023-10-12,2396800.00,51170.00,95652083.50,4400620.00
2023-10-11,2396800.00,51553.00,96548460.92,4424278.44
2023-10-10,2398500.00,51773.00,96349553.00,4537903.53
2023-10-09,2399900.00,52057.00,96279421.50,4588824.63
2023-10-08,2453400.00,52753.00,95831098.51,4434944.69
2023-10-07,2444600.00,52440.00,95262502.72,4408630.78
2023-10-05,2243800.00,49897.00,90642888.98,4194840.77
2023-10-04,2243800.00,49901.00,90744968.50,4282004.69
2023-10-02,2250500.00,49624.00,90811920.00,4501392.99
2023-10-01,2250500.00,49650.00,92368861.21,4735616.86
2023-09-30,2261100.00,49554.00,92190262.81,4726460.38
2023-09-28,2291800.00,49538.00,92160496.41,4724934.30
2023-09-27,2291800.00,49738.00,93089639.59,4802204.05
2023-09-26,2286500.00,49448.00,93970980.41,4646134.03
2023-09-25,2315800.00,49502.00,94875531.99,4618041.63
2023-09-23,2317400.00,49358.00,94727871.19,4605101.55
2023-09-21,2323400.00,49393.00,94795043.19,4608367.05
2023-09-20,2323400.00,49393.00,96099019.59,4619727.23
2023-09-19,2333400.00,49115.00,94890180.00,4633508.92
2023-09-18,2340300.00,49645.00,95889317.50,4687977.37
2023-09-17,2334500.00,49533.00,94563449.09,4551091.90
2023-09-13,2348600.00,49931.00,95323270.88,4587660.14
2023-09-12,2348600.00,49931.00,95433122.74,4596647.74
2023-09-11,2335700.00,49700.00,95588012.43,4504807.97
2023-09-10,2341400.00,49575.00,95060062.50,4457783.91
2023-09-09,2345600.00,49665.00,95232637.50,4465876.71
2023-09-07,2353400.00,49591.00,95090742.50,4459222.63
2023-09-05,2362500.00,49604.00,95547222.38,4466344.21
2023-09-04,2362500.00,49604.00,96142470.38,4308603.47
2023-09-03,2370800.00,49640.00,96212245.58,4311730.43
2023-09-02,2363400.00,49666.00,96262638.77,4313988.79
2023-08-31,2329400.00,49020.00,95010561.61,4257877.23
2023-08-30,2329400.00,49020.00,95309588.39,4208857.23
2023-08-29,2331500.00,49101.00,95084086.50,4197644.39
2023-08-28,2322500.00,49076.00,94122861.60,4142995.83
2023-08-27,2311200.00,49013.00,94016734.21,4085723.71
2023-08-26,2317000.00,49162.00,94302546.00,4098144.35
2023-08-24,2313000.00,49167.00,94312137.00,4098561.15
2023-08-23,2313000.00,49167.00,94326889.50,4091186.02
2023-08-22,2316300.00,49023.00,92967218.40,4119402.63
2023-08-21,2319000.00,49273.00,93288573.31,4161597.53
2023-08-20,2279800.00,48695.00,91746248.31,4096223.53
2023-08-19,2263200.00,48792.00,91929006.01,4104383.17
2023-08-17,2304300.00,48858.00,92053356.61,4109935.09
2023-08-16,2304300.00,48858.00,92639652.61,4077199.95
2023-08-15,2307700.00,48944.00,93115960.00,4154856.13
2023-08-14,2322000.00,49248.00,94093227.60,4245670.03
2023-08-13,2321100.00,49296.00,94372263.60,4259174.48
2023-08-12,2321600.00,49142.00,94077446.00,4245868.87
2023-08-10,2349500.00,49673.00,95093992.41,4291747.28
2023-08-09,2349500.00,49659.00,95116849.81,4347645.60
2023-08-08,2350700.00,49542.00,95323760.99,4269034.05
2023-08-07,2340700.00,49350.00,95418225.00,4211528.82
2023-08-06,2351600.00,49644.00,96180286.81,4130380.65
2023-08-05,2360400.00,49632.00,96157038.01,4129382.25
2023-08-02,2367040.00,49867.00,96612327.02,4148934.25
2023-08-01,2385720.00,50009.00,97052463.86,4246264.37
2023-07-31,2391800.00,50070.00,98662935.00,4283989.08
2023-07-30,2367800.00,49366.00,97196718.61,4093428.63
2023-07-29,2326200.00,48797.00,96076414.49,4046247.15
2023-07-26,2332900.00,48899.00,96277242.29,4054704.99
2023-07-25,2332900.00,49025.00,96191951.30,4100450.97
2023-07-24,2334100.00,48837.00,95735173.48,4040773.28
2023-07-23,2326900.00,48614.00,95686938.57,3871618.93
2023-07-22,2272200.00,48336.00,95139751.16,3849479.01
2023-07-20,2317700.00,48637.00,95732209.47,3873450.65
2023-07-19,2317700.00,48637.00,96179667.50,3864695.98
2023-07-18,2310700.00,48470.00,95834881.63,3859665.97
2023-07-17,2312600.00,48817.00,95310311.99,3832134.50
2023-07-16,2326200.00,48818.00,95644223.22,3971832.51
2023-07-15,2318400.00,48370.00,94766501.64,3935383.23
2023-07-13,2349300.00,49261.00,96512148.79,4007874.99
2023-07-12,2349300.00,49261.00,96364365.79,3946298.74
2023-07-11,2345600.00,49243.00,95103008.30,3909894.28
2023-07-10,2327800.00,49146.00,94606050.00,3818152.86
2023-07-09,2348600.00,49829.00,95108609.87,3812914.91
2023-07-08,2357800.00,49963.00,95364375.66,3823168.59
2023-07-06,2383700.00,50313.00,96032420.64,3849950.59
2023-07-05,2383700.00,50313.00,96580833.57,3856491.53
2023-07-04,2380700.00,50310.00,96680724.54,3755641.58
2023-07-03,2384600.00,50284.00,96630760.34,3753700.68
2023-07-02,2383200.00,50299.00,96186780.16,3723634.91
2023-07-01,2400100.00,49993.00,95601616.34,3700981.73
2023-06-28,2348400.00,49280.00,94238146.41,3648198.34
2023-06-27,2348400.00,49235.00,94235790.00,3557721.21
2023-06-26,2351100.00,49292.00,94823017.99,3656480.58
2023-06-25,2359700.00,49797.00,95246719.47,3691949.55
2023-06-24,2358100.00,49951.00,95541275.26,3703367.11
2023-06-22,2335200.00,49713.00,95086052.67,3685721.79
2023-06-21,2335200.00,49731.00,96144944.73,3835254.86
2023-06-20,2300800.00,48588.00,94042074.00,3687829.27
2023-06-19,2329700.00,48974.00,95881299.59,3705862.49
2023-06-18,2310700.00,48681.00,95307664.18,3683691.18
2023-06-17,2358500.00,49228.00,96378580.80,3725082.67
2023-06-15,2307700.00,48810.00,95560220.38,3693452.61
2023-06-14,2307700.00,48802.00,95422552.98,3572306.25
2023-06-13,2327800.00,48858.00,95009265.61,3629660.86
2023-06-12,2346500.00,49910.00,97589025.44,3585534.22
2023-06-11,2276800.00,48197.00,94639628.02,3661044.08
2023-06-10,2247200.00,47009.00,92306871.25,3570803.60
2023-06-08,2348600.00,49084.00,96381341.20,3728420.60
2023-06-07,2348600.00,49290.00,95755680.59,3792865.35
2023-06-06,2386900.00,49635.00,97557592.50,3786654.20
2023-06-03,2464700.00,50925.00,100729650.00,3782708.94
2023-06-01,2504000.00,51089.00,101054042.00,3794890.86
2023-05-31,2504000.00,51333.00,100812879.95,3729855.97
2023-05-30,2495000.00,50958.00,99775764.00,3747451.37
2023-05-29,2495700.00,51342.00,99762638.95,3915341.03
2023-05-28,2526800.00,51835.00,100720587.23,3952937.21
2023-05-27,2495900.00,51517.00,100102681.44,3928686.53
2023-05-25,2527100.00,51432.00,99937517.94,3922204.43
2023-05-24,2527100.00,51619.00,101317775.72,4044864.87
2023-05-23,2536100.00,51504.00,101586490.86,3957567.17
2023-05-22,2563300.00,52251.00,103185277.35,3970553.38
2023-05-21,2577400.00,52331.00,102385601.50,3969829.69
2023-05-20,2564200.00,51853.00,101450394.50,3933568.61
2023-05-18,2499800.00,51098.00,99973237.00,3876294.31
2023-05-17,2499800.00,51209.00,101429663.80,3941044.59
2023-05-15,2531790.00,51502.00,103931036.00,3874495.63
2023-05-14,2531790.00,52106.00,104977955.66,3906908.05
2023-05-13,2523400.00,51381.00,103517298.19,3852547.55
2023-05-11,2642500.00,53036.00,106851626.61,3976639.46
2023-05-10,2642500.00,53041.00,107699750.50,4052863.00
2023-05-09,2652200.00,52951.00,107818823.61,4100525.57
2023-05-08,2640900.00,53172.00,107742426.20,4094775.83
2023-05-07,2658700.00,53587.00,109746176.00,3885057.50
2023-05-06,2634400.00,52752.00,108036096.00,3824520.00
2023-05-04,2734600.00,53684.00,109944832.00,3892090.00
2023-05-03,2734600.00,54180.00,109909546.68,3918839.50
2023-05-02,2726300.00,54020.00,108812488.64,4068786.38
2023-05-01,2721700.00,54645.00,108382894.33,4333894.82
2023-04-30,2748000.00,55735.00,110907077.86,4367952.10
2023-04-29,2745200.00,54909.00,109263420.44,4303218.48
2023-04-27,2658000.00,53283.00,106027843.00,4175788.86
2023-04-26,2658000.00,53505.00,106244875.89,4156803.58
2023-04-25,2573000.00,51781.00,103251314.00,4182351.20
2023-04-23,2573350.00,51775.90,103303273.15,4303612.95
2023-04-19,2602100.00,51606.90,102966084.36,4289565.67
2023-04-18,2590800.00,51708.00,103798640.46,4383286.99
2023-04-17,2554500.00,51757.00,103213806.87,4386923.43
2023-04-16,2630000.00,51455.00,103470860.76,4493565.24
2023-04-15,2550100.00,51259.00,103076724.35,4476448.56
2023-04-12,2547230.00,51001.90,102559721.96,4453996.02
2023-04-11,2554270.00,51054.00,102353061.69,4370732.97
2023-04-10,2554270.00,50888.00,101221319.56,4283751.86
2023-04-09,2489900.00,50460.00,101520475.23,4295155.34
2023-04-08,2486900.00,50308.00,101214666.43,4282217.10
2023-04-06,2548700.00,51048.30,102704076.02,4345231.44
2023-04-05,2549000.00,50799.00,102659700.34,4317406.90
2023-04-04,2595200.00,51108.00,103350595.10,4341113.64
2023-04-03,2582700.00,51108.00,101393162.45,4340602.46
2023-03-29,2600920.00,54665.50,107477838.22,4279215.27
2023-03-28,2630150.00,51175.00,100937571.25,4024913.83
2023-03-27,2593360.00,51190.00,99943357.25,3998962.94
2023-03-26,2632860.00,51092.00,101269451.95,3831388.97
2023-03-25,2601860.00,50791.00,100672839.86,3808816.98
2023-03-24,2637080.00,48101.40,95341783.77,3607123.88
2023-03-18,2632370.00,48101.40,92672156.07,3544592.28
2023-03-15,2421700.00,46791.90,90149273.40,3448095.23
2023-03-14,2316500.00,46947.00,89490369.11,3636045.01
2023-03-13,2284000.00,47080.00,90002833.70,3802651.44
2023-03-12,2170400.00,45284.00,82086304.59,3743175.61
2023-03-11,1992600.00,44505.00,80674211.33,3678783.46
2023-03-08,2249260.00,49298.80,89363932.35,4075038.99
2023-03-07,2292880.00,50907.00,92340208.54,4240044.08
2023-03-06,2320400.00,50348.00,93038070.43,4338990.66
2023-03-05,2347200.00,51104.00,93913818.30,4308578.12
2023-03-04,2343300.00,50900.00,93538927.51,4291378.88
2023-03-01,2512910.00,55647.80,102263959.34,4691665.88
2023-02-28,2508600.00,55651.00,101780115.26,4668562.36
2023-02-27,2605030.00,55934.00,101632078.00,4611758.13
2023-02-26,2574090.00,58438.00,107058416.00,4710102.71
2023-02-25,2729000.00,58493.00,107159176.00,4714535.71
2023-02-22,2635000.00,52583.10,96332239.20,4238197.78
2023-02-21,2400800.00,51105.00,93675465.00,4244270.41
2023-02-20,2313500.00,49891.00,91899222.00,4247719.71
2023-02-19,2343800.00,49902.00,91919484.00,4248656.25
2023-02-16,2201500.00,45112.00,83096304.00,3840835.65
2023-02-14,2184570.00,45710.80,84747823.20,3911930.35
2023-02-13,2142400.00,45907.00,85015174.42,3976005.30
2023-02-12,2119800.00,45605.00,85618828.11,3880529.28
2023-02-08,2116440.00,45065.10,84605219.84,3834589.19
2023-02-07,2088000.00,44561.00,83404821.52,3729310.20
2023-02-06,2068100.00,44237.00,82555087.24,3582754.54
2023-02-05,2069000.00,44940.00,86635334.19,3722829.44
2023-02-01,2163200.00,44925.00,86606417.19,3721586.84
2023-01-31,2141500.00,44704.00,86256368.00,3777040.86
2023-01-30,2070200.00,44730.00,86011318.09,3797577.07
2023-01-29,2112700.00,44605.00,86587223.82,3841382.72
2023-01-28,2136900.00,44821.00,87006523.01,3859984.64
2023-01-25,2107500.00,43808.00,85040087.46,3772745.08
2023-01-24,2062600.00,43762.00,84631332.87,3769220.94
2023-01-23,2036500.00,43585.00,83992652.44,3843761.26
2023-01-22,2083800.00,44832.00,85378061.89,3809823.51
2023-01-21,2084000.00,44940.00,85583737.10,3819001.35
2023-01-18,2059190.00,43976.10,83748085.91,3737089.13
2023-01-17,2027200.00,43180.00,82352893.89,3710025.52
2023-01-16,1991400.00,41881.00,78510121.58,3462302.19
2023-01-15,1941800.00,41117.00,77077927.20,3399142.31
2023-01-14,1921500.00,40977.00,76815483.20,3387568.51
2023-01-11,1925340.00,40941.30,76748559.98,3384617.20
2023-01-10,1887800.00,40830.00,76417427.00,3270482.94
2023-01-08,1885210.00,40765.00,74795623.99,3207797.95
2023-01-07,1899100.00,41089.00,75390099.21,3233293.51
2023-01-05,1804900.00,39483.00,72443410.33,3106917.37
2023-01-04,1804900.00,40062.00,74226875.56,3118425.93
2023-01-03,1805600.00,39755.00,73137271.56,3263885.44
2023-01-02,1795200.00,39738.00,72303291.00,3268847.96
2023-01-01,1849700.00,40953.00,74513983.50,3368793.87
2022-12-31,1855200.00,41174.00,74916093.00,3386973.33
2022-12-29,1915300.00,41615.00,75718492.50,3423249.99
2022-12-28,1992100.00,43436.00,78527945.46,3616481.45
2022-12-26,1878300.00,39721.00,70981427.00,3216606.71
2022-12-25,1878300.00,41494.00,74149778.00,3360184.26
2022-12-24,1846000.00,41003.00,73272361.00,3320423.08
2022-12-22,1800100.00,39050.00,69782350.00,3162269.13
2022-12-21,1800100.00,39761.00,72202000.87,3268354.08
2022-12-20,1769400.00,39633.00,71969565.67,3170243.59
2022-12-19,1741700.00,39146.00,69981302.29,3123850.92
2022-12-18,1766400.00,39679.00,70517516.86,3222331.55
2022-12-17,1742100.00,39327.00,69891942.48,3193745.63
2022-12-15,1690200.00,37828.00,67227919.75,3072011.85
2022-12-14,1690200.00,37828.00,68374110.00,3128375.48
2022-12-13,1675200.00,38339.00,69543113.04,3093190.53
2022-12-12,1697800.00,38517.00,68579518.50,3003940.75
2022-12-11,1672400.00,37956.00,67770438.00,2929064.45
2022-12-10,1646300.00,37282.00,66567011.00,2877051.87
2022-12-07,1603550.00,37018.90,66097245.95,2856748.45
2022-12-06,1576400.00,36289.00,64206129.47,2879532.09
2022-12-05,1574700.00,36187.00,63956904.68,2991941.17
2022-12-04,1580700.00,36315.00,65406945.61,3155047.10
2022-12-03,1594800.00,36311.00,65399741.21,3154699.58
2022-12-01,1577300.00,35795.00,64470373.63,3109869.50
2022-11-30,1577300.00,35888.00,62660448.00,3065911.85
2022-11-29,1554400.00,35700.00,62417880.87,2964170.96
2022-11-28,1527600.00,35505.00,61782249.63,2953661.04
2022-11-27,1528600.00,36035.00,62877472.38,3077749.48
2022-11-26,1529700.00,36011.40,62836292.74,3075733.81
2022-11-24,1503400.00,34990.00,61054051.85,2988496.03
2022-11-23,1503400.00,35459.30,61872933.44,3028578.94
2022-11-22,1495500.00,35512.60,61731554.31,3137893.36
2022-11-21,1499700.00,35658.00,61952210.07,3118291.99
2022-11-20,1491600.00,35704.20,62867957.10,3205523.03
2022-11-19,1501300.00,35309.10,62172265.00,3170050.95
2022-11-17,1485600.00,34751.00,61189562.50,3119944.74
2022-11-16,1485600.00,34970.40,62002519.20,3247351.37
2022-11-15,1514700.00,35466.90,62911188.95,3328923.26
2022-11-14,1520500.00,35595.00,63131291.13,3315318.28
2022-11-13,1508900.00,35801.00,62662492.05,3353479.60
2022-11-12,1487000.00,35442.00,62034134.33,3319852.08
2022-11-10,1466000.00,35059.00,61363769.41,3283976.47
2022-11-09,1466000.00,35059.00,59954395.04,3248216.40
2022-11-08,1466700.00,35401.00,60610051.24,3375839.38
2022-11-07,1474500.00,36183.00,60660799.50,3543039.29
2022-11-06,1486100.00,36197.00,58903379.87,3426769.92
2022-11-05,1480100.00,36264.00,59012408.97,3433112.81
2022-11-03,1393000.00,35016.30,56982026.70,3314993.06
2022-11-02,1393000.00,35016.30,57626323.20,3367167.54
2022-11-01,1396500.00,34606.00,56926870.00,3275457.95
2022-10-31,1374800.00,33472.00,54756845.62,3174149.82
2022-10-30,1360500.00,33245.00,55209969.88,3223435.17
2022-10-29,1356100.00,32974.00,54759920.19,3197159.01
2022-10-27,1353980.00,33052.00,54889454.79,3204721.89
2022-10-26,1353980.00,33057.00,55006848.00,3163224.41
2022-10-25,1361600.00,32888.00,54357288.01,3075685.65
2022-10-24,1348300.00,32870.00,54192767.40,3065456.27
2022-10-23,1336900.00,32763.00,53429902.00,3026645.85
2022-10-22,1342000.00,32812.00,53509811.20,3031172.47
2022-10-20,1340600.00,32655.00,53253775.59,3016668.81
2022-10-19,1340600.00,32651.00,53139502.50,3017279.03
2022-10-18,1340400.00,32794.00,54077306.00,2952443.78
2022-10-17,1345000.00,32845.00,54424165.00,3009258.99
2022-10-16,1349200.00,32857.00,54871190.00,3107286.48
2022-10-15,1355000.00,33121.00,55312070.00,3132252.96
2022-10-13,1361600.00,32946.00,55019820.00,3115703.21
2022-10-12,1361600.00,32954.00,55043067.81,3046597.20
2022-10-11,1361400.00,32648.00,54806196.01,3078379.95
2022-10-10,1359800.00,32741.00,54589070.90,3149356.87
2022-10-09,1353800.00,32491.00,55605098.19,3033684.76
2022-10-08,1350100.00,32307.00,55290200.59,3016504.68
2022-10-05,1376200.00,32631.60,55845721.04,3046812.58
2022-10-04,1398600.00,33102.00,56971851.39,3038763.70
2022-10-03,1398600.00,33095.00,56026526.31,2940821.72
2022-10-02,1392800.00,33242.00,55131857.00,2941584.51
2022-10-01,1376700.00,33152.00,54982592.00,2933620.41
2022-09-29,1329800.00,31848.00,52819908.00,2818229.45
2022-09-28,1329800.00,31844.00,52873778.38,2844306.07
2022-09-26,1311300.00,31681.00,51427768.85,2663104.78
2022-09-24,1310900.00,31701.00,52966032.35,2867672.43
2022-09-22,1332300.00,31666.00,52907554.35,2864506.33
2022-09-21,1332300.00,31673.00,52722875.03,2845185.65
2022-09-20,1321200.00,31713.00,52634064.55,2873832.15
2022-09-19,1306500.00,31674.00,52775217.25,2914008.00
2022-09-18,1306900.00,31654.00,52716572.37,2875449.24
2022-09-15,1322400.00,31556.00,52553363.17,2866546.92
2022-09-14,1322400.00,31554.00,53531361.00,2969231.35
2022-09-13,1325200.00,31375.00,53494375.00,2923208.69
2022-09-12,1337900.00,31706.00,54791137.83,2980364.00
2022-09-11,1325900.00,30976.00,52907008.00,2761510.45
2022-09-10,1298900.00,30910.00,52794280.00,2755626.55
2022-09-08,1282700.00,30241.00,51651628.00,2695985.20
2022-09-07,1282700.00,30238.00,51867242.88,2660944.00
2022-09-06,1275800.00,30215.00,51377586.74,2804858.51
2022-09-05,1276200.00,30242.00,51308576.46,2793151.14
2022-09-04,1273000.00,30226.00,51281430.86,2791673.38
2022-09-03,1283400.00,30264.00,51345901.66,2795183.06
2022-09-01,1256400.00,29847.00,50638419.47,2756668.94
2022-08-31,1256400.00,29903.00,51217859.86,2885340.41
2022-08-30,1269100.00,29953.00,51615008.14,2974632.36
2022-08-29,1265400.00,29858.00,51851402.07,3137777.11
2022-08-28,1264700.00,29712.00,52224780.95,2951589.97
2022-08-27,1256100.00,29574.00,51982218.36,2937881.05
2022-08-25,1284500.00,29775.10,52335691.82,2957858.32
2022-08-24,1284500.00,29775.10,52040921.23,3013835.66
2022-08-23,1248500.00,29087.00,50809173.02,2915099.18
2022-08-22,1251100.00,29335.00,50866890.00,2830240.90
2022-08-21,1233700.00,29344.00,51507524.63,2834336.85
2022-08-20,1236100.00,29051.00,50993221.72,2806035.98
2022-08-18,1275100.00,28997.60,50899488.70,2800878.08
2022-08-17,1275100.00,28997.60,51044476.70,2715625.28
2022-08-16,1284500.00,29773.00,52793482.15,2749238.71
2022-08-15,1302800.00,30238.00,53865973.94,2875633.75
2022-08-14,1300500.00,30203.00,54054307.63,3008218.75
2022-08-13,1328200.00,30311.00,54247595.22,3018975.55
2022-08-11,1373200.00,31002.60,55485351.71,3087858.91
2022-08-10,1373200.00,31002.60,55668267.80,3019653.29
2022-08-09,1358900.00,31158.00,55897452.00,3000826.90
2022-08-06,1367600.00,31777.20,56337798.66,3016291.77
2022-08-05,1374100.00,31777.20,56337798.66,3016291.77
2022-08-04,1374100.00,31515.40,56365292.90,2966229.53
2022-08-03,1374100.00,31515.40,55404073.20,3050060.37
2022-08-02,1355000.00,31175.00,55214041.74,3134334.53
2022-08-01,1366500.00,31649.00,55987081.00,3165849.43
2022-07-31,1359800.00,31703.00,55489762.45,3396659.40
2022-07-30,1368300.00,31776.00,55617534.35,3404480.62
2022-07-28,1362300.00,31923.90,55876403.73,3420326.63
2022-07-27,1362300.00,31923.90,54880375.71,3403726.31
2022-07-26,1353100.00,32005.00,54974986.94,3341322.05
2022-07-25,1353800.00,31963.00,54944397.00,3360909.50
2022-07-24,1345700.00,31848.00,54546068.04,3307733.30
2022-07-23,1348500.00,32047.00,54886895.34,3328401.44
2022-07-21,1353600.00,31883.00,54606012.54,3311368.40
2022-07-20,1353600.00,31883.00,54185158.50,3408930.30
2022-07-19,1350600.00,31800.00,54378000.00,3413729.95
2022-07-17,1367200.00,31888.50,54353948.25,3160150.30
2022-07-16,1367200.00,31888.50,54353948.25,3160150.30
2022-07-14,1381000.00,32203.60,54891036.20,3191376.71
2022-07-13,1381000.00,32203.60,55847481.55,3206512.44
2022-07-12,1399700.00,31603.00,54461451.44,3144182.40
2022-07-11,1381300.00,31608.00,54681840.00,3385216.75
2022-07-09,1384500.00,31534.30,54888601.81,3374800.68
2022-07-08,1381700.00,31534.30,54888601.81,3374800.68
2022-07-07,1381700.00,31403.80,54576664.79,3286407.72
2022-07-06,1381700.00,31403.80,54482453.39,3162048.70
2022-07-05,1372000.00,31533.00,55554840.94,3240646.30
2022-07-04,1364600.00,31415.00,56675800.73,3606756.07
2022-07-03,1424700.00,31820.00,57406461.22,3653254.12
2022-07-02,1423500.00,32189.00,58072174.11,3695619.01
2022-06-30,1434100.00,32143.90,57990809.21,3690441.08
2022-06-29,1434100.00,32143.90,58299389.86,3737049.88
2022-06-28,1384300.00,31175.00,56660562.50,3678026.60
2022-06-27,1357700.00,30726.00,55948974.15,3536255.23
2022-06-26,1353800.00,30512.00,55705756.91,3357845.69
2022-06-25,1393500.00,31342.00,57221087.87,3449187.20
2022-06-23,1444500.00,31727.70,57925260.34,3491633.48
2022-06-22,1444500.00,31727.70,58198121.66,3545253.13
2022-06-21,1443400.00,31978.00,58666838.02,3666277.75
2022-06-20,1439000.00,31685.00,58481002.95,3796179.77
2022-06-19,1432600.00,31710.00,58527145.45,3799175.02
2022-06-18,1427000.00,31680.00,58471774.45,3795580.72
2022-06-16,1414500.00,31776.80,58650438.21,3807178.33
2022-06-15,1414500.00,31776.80,57684426.59,3765868.64
2022-06-14,1427400.00,31568.00,57122296.00,3825094.50
2022-06-13,1444800.00,32136.00,58744608.00,3929268.61
2022-06-12,1471500.00,32664.00,60389204.79,4019958.47
2022-06-11,1508200.00,32940.00,60899473.61,4053925.79
2022-06-09,1440800.00,32130.00,59401945.57,3954239.09
2022-06-08,1487000.00,32130.00,59501547.78,3970625.46
2022-06-07,1442900.00,31703.00,58571292.50,3822430.70
2022-06-06,1442000.00,31791.00,58470005.65,3799342.48
2022-06-02,1430400.00,31293.40,58409131.10,3680416.79
2022-06-01,1430400.00,31293.40,57683125.75,3639109.51
2022-05-31,1447300.00,31518.00,58078217.06,3871671.00
2022-05-30,1427000.00,31003.00,57237737.09,3535272.05
2022-05-29,1421700.00,30836.00,56929421.69,3516229.04
2022-05-28,1406700.00,30566.00,56430947.71,3485440.94
2022-05-25,1389250.00,30367.70,56064846.26,3462828.79
2022-05-24,1380100.00,30124.00,56184271.66,3420881.37
2022-05-23,1379400.00,30187.00,55779540.07,3423809.48
2022-05-22,1378300.00,30244.00,55685251.32,3388537.79
2022-05-21,1379700.00,30323.00,55830706.12,3397388.95
2022-05-19,1356100.00,29956.00,55154985.74,3356270.27
2022-05-18,1356100.00,29956.00,54397101.13,3268499.18
2022-05-17,1350100.00,30112.00,54749636.93,3370436.17
2022-05-16,1360000.00,30232.00,54825732.00,3453703.62
2022-05-15,1374600.00,30534.00,55687910.69,3280878.21
2022-05-14,1381700.00,30567.00,55748096.09,3284424.06
2022-05-12,1395100.00,25590.00,46671043.25,2749645.42
2022-05-11,1344100.00,25580.00,47389507.38,2750105.85
2022-05-09,1342370.00,27543.20,51150476.05,2917926.68
2022-05-08,1310400.00,28546.00,53495204.00,3165751.44
2022-05-07,1311100.00,28365.00,53156010.00,3145678.54
2022-05-05,1307200.00,28056.00,52576944.00,3111410.44
2022-05-02,1292200.00,28021.00,52169499.17,3014499.23
2022-05-01,1292200.00,28254.00,53363328.42,3039847.76
2022-04-30,1296500.00,28158.00,53182013.23,3029519.12
2022-04-28,1294900.00,27980.00,52845824.63,3010368.10
2022-04-27,1294900.00,28153.00,53093743.39,2965073.95
2022-04-26,1292400.00,28092.00,53414129.49,2949379.02
2022-04-25,1286200.00,27922.00,52861929.04,2856979.03
2022-04-24,1277800.00,27842.00,54149906.48,3016123.91
2022-04-21,1293840.00,27864.00,54192694.28,3018507.17
2022-04-20,1293840.00,27862.00,54394983.96,2975661.69
2022-04-19,1307600.00,27746.00,54262850.85,2975758.50
2022-04-18,1299300.00,27581.00,54690365.57,3121066.06
2022-04-17,1313600.00,27669.00,54532832.78,3090627.22
2022-04-16,1316600.00,27917.00,55021615.98,3118328.81
2022-04-14,1306900.00,27791.00,54773282.58,3104254.62
2022-04-13,1306900.00,27791.00,55053971.00,3023104.95
2022-04-12,1314800.00,27817.00,54857905.02,2910770.86
2022-04-11,1324200.00,28113.00,54660107.27,2768568.33
2022-04-10,1318200.00,28058.00,54258561.77,2822073.69
2022-04-09,1321000.00,27995.00,54136732.37,2815737.15
2022-04-07,1287800.00,27483.00,53146626.74,2764240.19
2022-04-06,1287800.00,27603.00,52953595.87,2789835.20
2022-04-05,1280200.00,27394.00,52675923.27,2921296.14
2022-04-04,1294000.00,27717.00,53471635.05,2980408.98
2022-04-03,1275800.00,27195.00,53008492.67,2934612.55
2022-03-31,1257800.00,27114.00,52850607.48,2925871.84
2022-03-30,1257800.00,27126.00,52448121.00,3077444.62
2022-03-29,1257100.00,27050.00,51719600.00,2981721.59
2022-03-28,1249400.00,27043.00,52452602.14,3041796.73
2022-03-27,1244800.00,26645.00,51376887.70,2875794.86
2022-03-26,1245100.00,26274.00,50661525.52,2835752.83
2022-03-18,1233130.00,26252.00,50619105.12,2833378.37
2022-03-17,1229100.00,26230.00,50941282.36,2797167.18
2022-03-16,1229100.00,26224.00,50035392.00,2570476.39
2022-03-15,1215700.00,26377.00,50868044.50,2635326.17
2022-03-14,1224100.00,26368.00,51670732.16,2818739.24
2022-03-13,1230100.00,26276.00,52502074.96,2872755.13
2022-03-12,1238400.00,26436.00,52821770.95,2890247.93
2022-03-10,1217800.00,25696.00,51343176.97,2809343.73
2022-03-09,1217800.00,25681.00,50999898.53,2854186.32
2022-03-08,1223800.00,25759.00,52550935.27,3296636.91
2022-03-07,1248100.00,26038.00,51917168.84,3208141.96
2022-03-06,1208600.00,25811.00,49928799.03,2851083.04
2022-03-05,1196600.00,25440.00,49211136.62,2810102.38
2022-03-03,1200000.00,25615.00,49549656.63,2829432.88
2022-03-02,1200000.00,25607.00,49188486.93,2891798.52
2022-02-28,1203000.00,25965.00,49317921.63,2622205.29
2022-02-27,1203000.00,25979.00,50012172.27,2573999.37
2022-02-26,1202100.00,25985.00,50023722.87,2574593.85
2022-02-24,1230100.00,26144.00,50329813.76,2590347.57
2022-02-23,1230100.00,26155.00,49935124.72,2532850.10
2022-02-22,1190800.00,25949.00,49461388.27,2512901.06
2022-02-21,1188500.00,26057.00,48731800.13,2470464.11
2022-02-20,1174900.00,25792.00,48236197.14,2445339.46
2022-02-19,1173000.00,25417.00,47534872.16,2409785.71
2022-02-16,1190410.00,26243.00,49079657.32,2488098.77
2022-02-13,1209500.00,26915.30,49421872.55,2460327.67
2022-02-12,1217600.00,26867.00,49333184.09,2455912.57
2022-02-10,1163600.00,26227.00,48158016.12,2397410.17
2022-02-09,1163600.00,26232.00,48140965.12,2401539.68
2022-02-08,1165600.00,26224.00,47900757.76,2380614.69
2022-02-07,1155500.00,26052.00,47430270.56,2414759.94
2022-02-06,1177600.00,26460.00,47707380.00,2410770.62
2022-02-05,1184800.00,26760.00,48248280.00,2438103.62
2022-02-03,1210900.00,27265.00,49158795.00,2484114.17
2022-02-02,1210900.00,27281.00,49356783.87,2440831.10
2022-02-01,1208800.00,27254.00,49065377.53,2429966.74
2022-01-31,1216900.00,27460.00,49290700.00,2504626.57
2022-01-30,1216700.00,27691.00,49658271.65,2473913.84
2022-01-29,1227700.00,27882.00,50000791.96,2490977.78
2022-01-27,1232400.00,27771.00,49801735.66,2481061.04
2022-01-26,1232400.00,27790.00,50852921.68,2499988.37
2022-01-25,1238100.00,27858.00,51612515.24,2457075.51
2022-01-24,1239700.00,27779.00,51160582.94,2396494.24
2022-01-23,1241600.00,27965.00,51525512.50,2471546.62
2022-01-22,1234900.00,27769.00,51164382.50,2454224.14
2022-01-20,1218000.00,27525.00,50714812.50,2432659.42
2022-01-19,1218000.00,27514.00,50711052.73,2433338.23
2022-01-18,1210000.00,27474.00,49791131.54,2404249.80
2022-01-17,1191700.00,27343.00,49797070.26,2309663.24
2022-01-16,1185500.00,27303.00,49724222.27,2306284.44
2022-01-15,1197700.00,27508.00,50097568.26,2323600.79
2022-01-13,1227500.00,26662.00,48556833.10,2252139.17
2022-01-12,1227500.00,27960.00,51088510.63,2367373.15
2022-01-11,1210900.00,27709.00,50391586.72,2319797.51
2022-01-10,1225400.00,28038.00,50423539.88,2267433.14
2022-01-09,1198400.00,27882.00,50873496.52,2252865.69
2022-01-08,1173700.00,27375.00,49948424.33,2211900.08
2022-01-05,1265400.00,28373.50,51770287.41,2292578.89
2022-01-04,1265400.00,28373.50,51469529.00,2269880.00
2022-01-03,1266800.00,29032.00,52240181.51,2292947.46
2022-01-02,1280800.00,29265.00,53048664.07,2321299.79
2022-01-01,1293800.00,29548.00,53561658.16,2343747.35
2021-12-30,1297500.00,27388.00,49646226.26,2172416.15
2021-12-29,1297500.00,29818.00,53824471.07,2362480.24
2021-12-28,1287800.00,29659.00,53688720.35,2341281.53
2021-12-27,1287300.00,29521.00,53376919.38,2320350.55
2021-12-26,1293500.00,29857.00,54076996.94,2294510.40
2021-12-25,1297900.00,29937.00,54221892.94,2300658.40
2021-12-23,1301900.00,30013.10,54359725.25,2306506.69
2021-12-22,1301900.00,30013.10,54071600.23,2259686.33
2021-12-21,1300500.00,30077.00,53774669.03,2225096.56
2021-12-20,1297200.00,30178.00,54130277.13,2158330.46
2021-12-19,1286200.00,30071.00,54025557.87,2255926.32
2021-12-18,1281500.00,29910.00,53736305.27,2243848.10
2021-12-16,1299100.00,27417.00,49257381.53,2056823.25
2021-12-15,1299100.00,29950.00,52789869.27,2212705.92
2021-12-14,1292200.00,30134.00,53349234.34,2220875.71
2021-12-13,1297900.00,30222.00,53985560.08,2248214.56
2021-12-12,1286800.00,29772.00,52833390.47,2215632.19
2021-12-11,1293300.00,30160.00,53521935.26,2244507.14
2021-12-09,1306700.00,27704.00,49163517.72,2061731.63
2021-12-08,1306700.00,30706.00,54761081.15,2328128.91
2021-12-07,1309500.00,30701.00,54727601.85,2316083.51
2021-12-06,1316900.00,30693.00,54556807.50,2243044.50
2021-12-05,1319400.00,30971.00,54530638.19,2157749.51
2021-12-04,1304400.00,30338.00,53416115.12,2113648.40
2021-12-02,1258900.00,27324.00,48109365.47,1903663.03
2021-12-01,1258900.00,29339.00,52270361.68,2020577.01
2021-11-30,1261500.00,29190.00,51771383.29,2059938.29
2021-11-29,1251100.00,29054.00,51782945.62,2133725.83
2021-11-28,1269500.00,29435.00,52514982.78,2421028.75
2021-11-27,1257300.00,29472.00,52580994.48,2424072.00
2021-11-25,1250400.00,28808.00,51396352.10,2369458.00
2021-11-24,1250400.00,28977.00,51697864.99,2383358.25
2021-11-23,1252400.00,29166.00,52017561.00,2400653.39
2021-11-22,1235800.00,28644.00,51731064.00,2282926.71
2021-11-21,1252000.00,28440.00,52926840.00,2310465.54
2021-11-20,1239500.00,28289.00,52645829.00,2298198.30
2021-11-18,1240400.00,27898.00,51918178.00,2266433.46
2021-11-17,1240400.00,28140.00,52613356.63,2259079.17
2021-11-16,1249400.00,28354.00,52556973.71,2337220.23
2021-11-15,1255000.00,28148.00,52526982.11,2309543.49
2021-11-14,1260800.00,28040.00,52244126.63,2323674.88
2021-11-13,1270200.00,28524.00,53145915.41,2363783.96
2021-11-11,1263800.00,28424.00,52959595.41,2355496.96
2021-11-10,1263800.00,28424.00,52516181.71,2348959.34
2021-11-09,1252000.00,28376.00,51933753.81,2405717.25
2021-11-08,1214600.00,28106.00,51360905.09,2344883.59
2021-11-07,1203700.00,28025.00,50248825.00,2257133.53
2021-11-06,1201400.00,27988.00,50182484.00,2254153.55
2021-11-04,1168400.00,27651.00,49578243.00,2227011.57
2021-11-03,1168400.00,27657.00,48775884.52,2267597.37
2021-11-02,1171600.00,27898.00,49901151.24,2363518.59
2021-11-01,1168400.00,27603.00,49550144.63,2338250.10
2021-10-31,1171600.00,27504.00,49551205.73,2319137.27
2021-10-30,1168400.00,27576.00,49680920.93,2325208.31
2021-10-28,1171600.00,27657.00,49826850.52,2332038.23
2021-10-27,1171600.00,27667.00,49742499.98,2340074.91
2021-10-26,1171400.00,27687.00,49634483.55,2392156.84
2021-10-25,1163300.00,27561.00,49775166.00,2369970.33
2021-10-23,1162900.00,27603.00,49166462.25,2335489.85
2021-10-21,1149000.00,27415.00,48831596.66,2319583.17
2021-10-20,1149000.00,27421.00,48921805.43,2353270.21
2021-10-19,1142600.00,27306.00,48323426.87,2323194.53
2021-10-18,1147200.00,27475.00,48487881.34,2316966.80
2021-10-17,1137000.00,27253.00,48965463.77,2289252.00
2021-10-16,1141200.00,27181.00,48836101.37,2283204.00
2021-10-14,1141600.00,27087.00,48667211.58,2275308.00
2021-10-13,1141600.00,27070.00,48555457.68,2251682.61
2021-10-12,1141400.00,27167.00,47767737.43,2266271.09
2021-10-11,1131900.00,27336.00,47963744.93,2286656.44
2021-10-09,1139490.00,27513.60,48437692.80,2230802.74
2021-10-06,1159400.00,27932.00,49174286.00,2264726.61
2021-10-04,1169100.00,28136.00,49693801.83,2286331.42
2021-10-03,1169100.00,28138.00,49390632.77,2209395.67
2021-10-02,1160800.00,28046.00,49229145.17,2202171.83
2021-09-30,1164500.00,28471.00,49975147.69,2235542.82
2021-09-29,1157300.00,28243.00,48620324.50,2221029.50
2021-09-28,1151300.00,28056.00,48699606.17,2218948.94
2021-09-26,1146000.00,27681.00,48378082.35,2138357.25
2021-09-25,1141900.00,27559.00,48164862.95,2128932.75
2021-09-23,1156200.00,27681.00,48378082.35,2138357.25
2021-09-22,1152300.00,27521.00,48896559.36,2096825.06
2021-09-21,1142600.00,27403.00,48667728.00,2037687.10
2021-09-20,1142600.00,27407.00,48285653.94,2025925.39
2021-09-19,1132200.00,27443.00,48151487.13,2076611.76
2021-09-18,1133600.00,27471.00,48200615.93,2078730.52
2021-09-16,1151600.00,27446.00,48156750.93,2076838.77
2021-09-15,1151600.00,27451.00,49203173.07,2071452.43
2021-09-14,1154600.00,27317.00,49298988.57,2010531.16
2021-09-13,1166800.00,27641.00,49532672.00,2031889.97
2021-09-12,1155900.00,27313.00,49092386.87,1951513.77
2021-09-11,1157300.00,27239.00,48959379.27,1946226.47
2021-09-09,1183600.00,27827.00,50016250.48,1988239.07
2021-09-08,1183600.00,27841.00,49854877.34,2021256.56
2021-09-07,1180600.00,27681.00,49712308.58,1984450.96
2021-09-06,1168200.00,27381.00,49524013.36,1999634.40
2021-09-05,1166100.00,27112.00,49037473.08,1979989.33
2021-09-04,1169100.00,27067.00,48956081.58,1976702.98
2021-09-02,1161900.00,27291.00,49361230.37,1993061.70
2021-09-01,1161900.00,27279.00,49459554.23,1952903.51
2021-08-31,1154300.00,27035.00,49068525.00,1973284.59
2021-08-30,1165200.00,27428.00,49617252.00,2013489.58
2021-08-29,1153900.00,27069.00,48513060.48,1923793.82
2021-08-28,1182300.00,27599.00,49462926.45,1961460.92
2021-08-26,1171200.00,27899.00,50000586.44,1982781.92
2021-08-25,1171200.00,27899.00,49888990.44,2015702.75
2021-08-24,1171900.00,27849.00,50284153.72,1978671.53
2021-08-23,1175600.00,27649.00,49856675.45,1900868.75
2021-08-22,1173300.00,27666.00,49383810.00,1909783.95
2021-08-21,1154800.00,27458.00,49012530.00,1895425.71
2021-08-17,1144900.00,26899.00,48014715.00,1856837.94
2021-08-16,1144900.00,26909.00,48083692.76,1870444.65
2021-08-15,1148800.00,26913.00,47070837.00,1919165.96
2021-08-14,1137700.00,26907.00,47060343.00,1918738.10
2021-08-12,1107000.00,26429.00,46224321.00,1884651.93
2021-08-11,1107000.00,26432.00,46266573.45,1888302.14
2021-08-10,1110200.00,26616.00,46013742.10,1879888.01
2021-08-09,1092000.00,26319.00,45358165.24,1817063.78
2021-08-08,1084800.00,25917.00,46782776.07,1847622.95
2021-08-07,1086500.00,25679.00,46353162.27,1830655.93
2021-08-05,1100800.00,25628.00,46261102.17,1827020.14
2021-08-04,1100800.00,25628.00,46399494.00,1803698.57
2021-08-03,1098900.00,25624.00,46382001.77,1855433.93
2021-08-02,1099600.00,25733.00,46785166.67,1875678.35
2021-08-01,1093800.00,25519.00,45921440.50,1907290.01
2021-07-31,1097500.00,25489.00,45867455.50,1905047.81
2021-07-28,1095700.00,25599.00,46065400.50,1913269.21
2021-07-27,1095700.00,25614.00,46092393.00,1907730.81
2021-07-26,1077500.00,25172.00,45276875.17,1875314.00
2021-07-25,1074900.00,25056.00,45226080.00,1848882.26
2021-07-24,1060600.00,24779.00,44726095.00,1828442.43
2021-07-22,1053700.00,24628.00,44453540.00,1817300.14
2021-07-20,1056000.00,24519.00,44401457.70,1700392.61
2021-07-19,1056000.00,24530.00,44367409.80,1683248.67
2021-07-18,1047700.00,24467.00,44735463.40,1797590.52
2021-07-17,1050700.00,24544.00,44876250.20,1803247.71
2021-07-15,1059000.00,24699.00,45159652.20,1814635.56
2021-07-14,1059000.00,24699.00,45058386.91,1846497.29
2021-07-13,1049100.00,24611.00,44531144.00,1882495.34
2021-07-12,1053900.00,24749.00,44684319.50,1860134.93
2021-07-11,1061300.00,24980.00,45001470.00,1834281.41
2021-07-10,1064800.00,24999.00,45035698.50,1835676.58
2021-07-07,1063570.00,24965.20,44974807.80,1833194.64
2021-07-06,1060400.00,25087.00,44993534.50,1869734.08
2021-07-05,1067300.00,25099.00,44573314.71,1903508.07
2021-07-04,1057600.00,24959.00,44324688.71,1892890.47
2021-07-03,1059700.00,25150.00,44663885.61,1907375.91
2021-07-01,1067800.00,25151.00,44665661.51,1907451.75
2021-06-30,1067800.00,25153.00,44540933.63,1889744.82
2021-06-29,1072400.00,25399.00,44773358.44,1898829.29
2021-06-28,1064100.00,24966.00,44429492.99,1864460.89
2021-06-27,1065700.00,24708.00,43871524.20,1866936.42
2021-06-26,1058500.00,24674.00,43811153.80,1864367.38
2021-06-24,1033800.00,24189.00,42949987.81,1827720.78
2021-06-23,1033800.00,24189.00,43112055.88,1818770.97
2021-06-22,1038200.00,24179.00,42949158.88,1808830.93
2021-06-21,1044000.00,24259.00,43224687.38,1816999.14
2021-06-20,1035200.00,24107.00,42760997.78,1761739.60
2021-06-19,1028300.00,23949.00,42480737.37,1750192.96
2021-06-17,1065400.00,24429.00,43332161.39,1785271.36
2021-06-16,1065400.00,24432.00,45431304.00,1817496.47
2021-06-15,1080900.00,24181.00,44843664.50,1789152.14
2021-06-14,1071700.00,24045.00,44819880.00,1751918.71
2021-06-13,1068200.00,23974.00,45411549.63,1738594.40
2021-06-12,1075800.00,24099.00,45648324.62,1747659.40
2021-06-10,1073500.00,23923.00,45314945.43,1734895.88
2021-06-09,1073500.00,23917.00,45279663.23,1727285.77
2021-06-08,1083200.00,24141.00,45679599.02,1743463.05
2021-06-07,1074700.00,23941.00,45411289.97,1711542.04
2021-06-03,1079300.00,23433.00,43847828.46,1671007.17
2021-06-02,1079300.00,23743.00,45289772.50,1694063.01
2021-06-01,1096400.00,23416.00,44558306.97,1644974.00
2021-05-31,1098000.00,23406.00,44370753.06,1625780.74
2021-05-30,1100300.00,23857.00,45225713.74,1657107.20
2021-05-29,1080000.00,23466.00,44484495.05,1629948.34
2021-05-27,1046700.00,22647.00,42931916.79,1573060.60
2021-05-26,1046700.00,23239.00,44184311.83,1600469.99
2021-05-25,1044200.00,23215.00,44064390.93,1593709.79
2021-05-24,1032900.00,23124.00,43579489.84,1583069.02
2021-05-23,1036800.00,23279.00,43806423.34,1515695.70
2021-05-22,1029200.00,23065.00,43403718.13,1501762.16
2021-05-20,1019300.00,22300.00,41964141.09,1451953.01
2021-05-19,1019300.00,23002.00,43273663.72,1533313.40
2021-05-18,1015600.00,22824.00,42630668.31,1568237.02
2021-05-17,1029000.00,23115.00,43167262.50,1605567.88
2021-05-16,1014200.00,22886.00,41712023.04,1586457.51
2021-05-15,1028700.00,22050.00,40188329.46,1528505.99
2021-05-12,994300.00,22585.00,41163420.45,1565592.19
2021-05-11,985300.00,22185.00,40729442.04,1520781.82
2021-05-09,970340.00,22181.60,40270694.80,1510345.06
2021-05-08,938700.00,21646.00,39298313.00,1473876.06
2021-05-06,939900.00,20648.00,37486444.00,1405922.24
2021-05-05,939900.00,21699.00,38713185.37,1496363.02
2021-05-03,939400.00,22021.00,39448419.94,1487738.71
2021-05-02,939400.00,22036.00,38961851.06,1510788.11
2021-05-01,939900.00,22171.00,39200544.56,1520043.71
2021-04-29,987400.00,23231.00,41074730.53,1592717.30
2021-04-28,987400.00,23522.00,41709209.25,1582324.86
2021-04-27,996400.00,23721.00,42175938.00,1575548.78
2021-04-26,998300.00,23667.00,42108325.24,1553738.59
2021-04-25,993600.00,23692.00,42200189.24,1549456.84
2021-04-24,1005700.00,23732.00,42271437.24,1552072.84
2021-04-22,1011700.00,23330.00,41555394.86,1525782.04
2021-04-21,1011700.00,23864.00,42771448.37,1558796.47
2021-04-20,1021600.00,24184.00,42982224.38,1609928.87
2021-04-19,1022800.00,24181.00,42785861.99,1621336.12
2021-04-18,1019000.00,24054.00,42464932.19,1610174.82
2021-04-17,1039600.00,24618.00,43460617.80,1647928.98
2021-04-15,1045400.00,23987.00,42346650.39,1605689.84
2021-04-14,1045400.00,25015.00,43398524.11,1665498.75
2021-04-13,1037500.00,24897.00,43475140.18,1585191.94
2021-04-12,1042800.00,25032.00,43335397.18,1584024.93
2021-04-11,1039100.00,24995.00,43911217.22,1579684.02
2021-04-10,1032900.00,24749.00,43479044.41,1564136.82
2021-04-08,1051100.00,24466.00,42981869.99,1546251.22
2021-04-07,1051100.00,24799.00,43152739.29,1566304.84
2021-04-06,1058500.00,25061.00,43643731.50,1572327.18
2021-04-05,1070100.00,25245.00,43598115.00,1568976.79
2021-04-04,1059200.00,24924.00,42714752.42,1583670.98
2021-04-03,1059900.00,24946.00,42752456.02,1585068.86
2021-03-31,1084600.00,25752.00,44133778.86,1636282.10
2021-03-30,1084600.00,25796.00,43437885.03,1654555.42
2021-03-28,1103100.00,25233.00,43726266.32,1625257.62
2021-03-27,1095500.00,25624.00,44403830.23,1650441.93
2021-03-24,1083210.00,25148.70,43580182.84,1619827.86
2021-03-18,1085500.00,23963.00,41508707.43,1516378.61
2021-03-17,1085500.00,25134.00,43401392.43,1709112.00
2021-03-16,1076800.00,24899.00,43090208.79,1702842.59
2021-03-15,1066400.00,24851.00,42964894.51,1711736.81
2021-03-14,1050400.00,24724.00,42562366.00,1678759.64
2021-03-13,1044200.00,24654.00,42441861.00,1674006.64
2021-03-10,1028700.00,24242.00,41732603.00,1646031.84
2021-03-09,1028700.00,24583.00,42199177.20,1659844.08
2021-03-08,1021100.00,24648.00,41351948.40,1681979.47
2021-03-07,1012600.00,24706.00,42005139.99,1648878.39
2021-03-06,1028700.00,24776.00,42124153.99,1653550.19
2021-03-04,1052100.00,24661.00,41928631.00,1645875.09
2021-03-03,1052100.00,24976.00,42841334.02,1600212.31
2021-03-02,1062400.00,25309.00,43863027.28,1586874.32
2021-03-01,1065000.00,25267.00,43522407.50,1609255.20
2021-02-28,1081800.00,25425.00,45673470.62,1704492.02
2021-02-27,1077200.00,25345.00,45529758.62,1699128.82
2021-02-24,1101900.00,24821.00,44588445.01,1663999.86
2021-02-23,1101900.00,25401.00,45833565.02,1660463.44
2021-02-22,1091500.00,25139.00,45418630.07,1640068.31
2021-02-21,1072100.00,24504.00,43455394.20,1566540.73
2021-02-20,1082500.00,24704.00,43810074.20,1579326.73
2021-02-18,1140900.00,25171.00,44638252.01,1609182.04
2021-02-17,1140900.00,25945.00,45951188.87,1669301.20
2021-02-16,1134900.00,25803.00,46373150.34,1634620.01
2021-02-15,1153400.00,26145.00,47712011.14,1598505.28
2021-02-14,1134500.00,25498.00,46531300.82,1558947.70
2021-02-13,1152900.00,25745.00,46982051.13,1574049.28
2021-02-11,1164900.00,24696.00,45067731.00,1509913.42
2021-02-09,1139800.00,24103.00,44236237.08,1472452.27
2021-02-08,1139800.00,25148.00,46068621.81,1522962.91
2021-02-07,1131000.00,24978.00,44683144.81,1469705.52
2021-02-06,1087600.00,24385.00,43622327.10,1434813.40
2021-02-04,1074400.00,23747.00,42481008.88,1397273.48
2021-02-03,1074400.00,23907.00,43802404.23,1397603.20
2021-02-02,1088300.00,23949.00,43838644.50,1376109.52
2021-02-01,1095500.00,24348.00,45306759.59,1372009.76
2021-01-31,1094100.00,24085.00,44265822.09,1337440.02
2021-01-30,1107700.00,24444.00,44925628.20,1357375.29
2021-01-28,1073100.00,23211.00,42659497.47,1288906.80
2021-01-27,1073100.00,23965.00,44213029.09,1337486.68
2021-01-26,1055700.00,23803.00,44052210.94,1330825.73
2021-01-25,1046500.00,23431.00,43462162.47,1309324.31
2021-01-24,1065000.00,23354.00,43562217.34,1310159.36
2021-01-23,1054600.00,23462.00,43763669.75,1316218.16
2021-01-21,1035200.00,22655.00,42258372.61,1270945.47
2021-01-20,1035200.00,22787.00,42518263.86,1277895.00
2021-01-19,992300.00,22645.00,41655477.50,1265855.53
2021-01-18,962200.00,21983.00,40675145.97,1240280.82
2021-01-16,999900.00,22947.00,42458835.22,1294669.70
2021-01-14,1039100.00,23953.00,44320237.07,1351428.22
2021-01-13,1039100.00,23854.00,44215773.82,1337255.27
2021-01-12,1082800.00,24443.00,45046005.30,1382984.98
2021-01-11,1106100.00,24918.00,46088332.19,1386935.88
2021-01-10,1101500.00,24874.00,47566551.41,1352648.15
2021-01-09,1108600.00,24877.00,47572288.31,1352811.29
2021-01-07,1157300.00,25551.00,48861178.55,1389463.41
2021-01-06,1157300.00,25485.00,48597347.12,1383835.48
2021-01-05,1166800.00,25853.00,50483151.84,1385720.76
2021-01-04,1206500.00,26098.00,50752779.33,1333346.82
2021-01-03,1188300.00,25898.00,48973118.00,1329603.32
2021-01-02,1158000.00,25714.00,48625174.00,1320156.76
2020-12-30,1147960.00,25629.40,48465195.40,1315813.40
2020-12-29,1146900.00,25735.00,48374078.24,1314801.15
2020-12-28,1143700.00,25715.00,48272196.74,1307864.92
2020-12-27,1149300.00,25744.00,48396146.23,1320409.78
2020-12-26,1146500.00,25774.00,48452543.23,1321948.48
2020-12-24,1153900.00,25862.00,48617974.43,1326462.00
2020-12-23,1153900.00,25912.00,48577225.13,1326694.42
2020-12-22,1149000.00,25928.00,48397204.17,1298474.29
2020-12-21,1142100.00,25682.00,48261613.15,1307470.62
2020-12-20,1141200.00,25604.00,48319867.55,1318606.00
2020-12-19,1137000.00,25544.00,48206635.55,1315516.00
2020-12-17,1137200.00,25802.00,48693533.14,1328803.00
2020-12-16,1137200.00,26021.00,48297577.46,1329152.73
2020-12-15,1129900.00,25776.00,47744886.06,1308389.72
2020-12-14,1137900.00,25996.00,47538883.93,1307338.86
