Gold_IRR,Date,USD_IRR,Ounce_USD,Oil_USD
126818000,2025-12-10,1249300,4196.39990234375,62.2099990844727
126797000,2025-12-09,1248700,4206.7001953125,61.939998626709
127132000,2025-12-08,1262800,4187.2001953125,62.4900016784668
127065000,2025-12-07,1240050,,
124496000,2025-12-06,1219950,,
122480000,2025-12-04,1197050,4211.7998046875,63.2599983215332
122953000,2025-12-03,1204550,4199.2998046875,62.6699981689453
121208000,2025-12-02,1186950,4186.60009765625,62.4500007629395
122102000,2025-12-01,1189750,4239.2998046875,63.1699981689453
120541000,2025-11-30,1173800,,
118343000,2025-11-29,1158600,,
114691000,2025-11-27,1141700,,
114969000,2025-11-26,1136400,4165.2001953125,63.1300010681152
113556000,2025-11-25,1134600,4139.2001953125,62.4799995422363
112773000,2025-11-23,1137600,,
111252000,2025-11-22,1129100,,
113494000,2025-11-20,1135200,4056.5,63.3800010681152
113459000,2025-11-19,1133600,4077.69995117188,63.5099983215332
111287000,2025-11-18,1125500,4061.30004882813,64.8899993896484
111829000,2025-11-17,1124950,4068.30004882813,64.1999969482422
111070000,2025-11-16,1121900,,
112259000,2025-11-15,1128300,,
115583000,2025-11-13,1125300,4186.89990234375,63.0099983215332
113972000,2025-11-12,1126100,4204.39990234375,62.7099990844727
110081000,2025-11-11,1098400,4106.7998046875,65.1600036621094
105711000,2025-11-10,1076700,4111.7998046875,64.0599975585938
104550000,2025-11-09,1078600,,
104307000,2025-11-08,1078050,,
105019000,2025-11-06,1078400,3979.89990234375,63.3800010681152
104686000,2025-11-05,1078600,3980.30004882813,63.5200004577637
104728000,2025-11-04,1082150,3947.69995117188,64.4400024414063
104885000,2025-11-03,1079700,4000.30004882813,64.8899993896484
104970000,2025-11-02,1083200,,
106263000,2025-11-01,1088700,,
103818000,2025-10-30,1073000,4001.30004882813,65
104550000,2025-10-29,1069100,3983.69995117188,64.9199981689453
103527000,2025-10-28,1069300,3966.19995117188,64.4000015258789
105453000,2025-10-27,1079800,4001.89990234375,65.620002746582
107438000,2025-10-26,1078400,,
106494000,2025-10-25,1070200,,
108953000,2025-10-23,1084800,4125.5,65.9899978637695
108639000,2025-10-22,1075600,4044.39990234375,62.5900001525879
109121000,2025-10-21,1088900,4087.69995117188,61.3199996948242
109742000,2025-10-20,1064100,4336.39990234375,61.0099983215332
110818000,2025-10-19,1083400,,
108477000,2025-10-18,1065000,,
112741000,2025-10-16,1102500,4280.2001953125,61.060001373291
111700000,2025-10-15,1095800,4176.89990234375,61.9099998474121
108433000,2025-10-14,1088900,4138.7001953125,62.3899993896484
109345000,2025-10-13,1112000,4108.60009765625,63.3199996948242
108424000,2025-10-12,1121400,,
109227000,2025-10-11,1127000,,
111427000,2025-10-09,1132850,3946.30004882813,65.2200012207031
113729000,2025-10-08,1156900,4043.30004882813,66.25
109299000,2025-10-07,1139700,3976.60009765625,65.4499969482422
105309000,2025-10-06,1111600,3948.5,65.4700012207031
106041000,2025-10-05,1138700,,
109548000,2025-10-04,1153800,,
110813000,2025-10-02,1178600,3839.69995117188,64.1100006103516
109066000,2025-10-01,1154400,3867.5,65.3499984741211
106741000,2025-09-30,1141300,3840.80004882813,67.0199966430664
104603000,2025-09-29,1120400,3820.89990234375,67.9700012207031
101595000,2025-09-28,1105200,,
103571000,2025-09-27,1101200,,
99757000,2025-09-25,1082900,3736.89990234375,69.4199981689453
99482000,2025-09-24,1072050,3732.10009765625,69.3099975585938
96511000,2025-09-23,1034900,3780.60009765625,67.629997253418
93605000,2025-09-22,1040000,3740.69995117188,66.5699996948242
96742000,2025-09-21,1058600,,
92356000,2025-09-20,1026100,,
87410000,2025-09-18,988450,3643.69995117188,67.4400024414063
88399000,2025-09-17,992350,3681.80004882813,67.9499969482422
88415000,2025-09-16,996450,3688.89990234375,68.4700012207031
86803000,2025-09-15,992550,3682.19995117188,67.4400024414063
84254000,2025-09-14,979800,,
84624000,2025-09-13,976850,,
86342000,2025-09-11,993000,3636.89990234375,66.370002746582
88502000,2025-09-09,1008300,3643.30004882813,66.3899993896484
88066000,2025-09-08,1011000,3638.10009765625,66.0199966430664
88198000,2025-09-07,1026800,,
87646000,2025-09-06,1029800,,
86148000,2025-09-04,1014400,3565.80004882813,66.9899978637695
87602000,2025-09-03,1025700,3593.19995117188,67.5999984741211
87692000,2025-09-02,1032000,3549.39990234375,69.1399993896484
89407000,2025-08-31,1048300,,
86118000,2025-08-30,1026200,,
83435000,2025-08-28,989000,3431.80004882813,68.620002746582
82964000,2025-08-27,1000000,3404.60009765625,68.0500030517578
79674000,2025-08-26,966500,3388.60009765625,67.2200012207031
78617000,2025-08-25,958000,3373.80004882813,68.8000030517578
77647000,2025-08-23,941000,,
78453000,2025-08-21,950600,3336.89990234375,67.6699981689453
77352000,2025-08-20,937500,3343.39990234375,66.8399963378906
75932000,2025-08-19,933450,3313.39990234375,65.7900009155273
75869000,2025-08-18,938500,3331.69995117188,66.5999984741211
75131000,2025-08-17,932900,,
74018000,2025-08-16,927600,,
76237000,2025-08-13,936700,3358.69995117188,65.629997253418
74496000,2025-08-12,924900,3348.89990234375,66.120002746582
74964000,2025-08-11,932750,3353.10009765625,66.629997253418
74923000,2025-08-10,920000,,
74577000,2025-08-09,918300,,
75934000,2025-08-06,934500,3380,66.8899993896484
75927000,2025-08-05,929600,3381.89990234375,67.6399993896484
76410000,2025-08-04,934100,3374.39990234375,68.7600021362305
76724000,2025-08-03,938000,,
75248000,2025-08-02,924000,,
73981000,2025-08-01,911800,3347.69995117188,69.6699981689453
72109000,2025-07-30,905600,3295.80004882813,73.2399978637695
71485000,2025-07-29,896000,3323.39990234375,72.5100021362305
71441000,2025-07-28,892500,3309.10009765625,70.0400009155273
71224000,2025-07-27,892050,,
70255000,2025-07-26,880000,,
70086000,2025-07-25,880500,3334,68.4400024414063
71070000,2025-07-23,884400,3394.10009765625,68.5100021362305
71344000,2025-07-22,879900,3439.19995117188,68.5899963378906
71825000,2025-07-21,881100,3401.89990234375,69.2099990844727
70786000,2025-07-20,878950,,
69451000,2025-07-19,867600,,
69851000,2025-07-18,875600,3353,69.2799987792969
70818000,2025-07-16,887400,3352.5,68.5199966430664
71275000,2025-07-15,888400,3329.80004882813,68.7099990844727
71261000,2025-07-14,894200,3351.5,69.2099990844727
71557000,2025-07-12,889000,,
69664000,2025-07-11,870900,3356,70.3600006103516
70553000,2025-07-09,882850,3311.60009765625,70.1900024414063
70331000,2025-07-08,878300,3307,70.1500015258789
69324000,2025-07-07,870400,3332.19995117188,69.5800018310547
71388000,2025-07-06,883700,,
74371000,2025-07-02,916000,3348,69.1100006103516
74997000,2025-07-01,913900,3336.69995117188,67.1100006103516
74073000,2025-06-30,917200,3294.39990234375,67.6100006103516
73563000,2025-06-29,906950,,
70675000,2025-06-28,881200,,
67441000,2025-06-27,845700,3273.69995117188,67.7699966430664
67189000,2025-06-25,836800,3327.10009765625,67.6800003051758
,2025-06-24,828700,3317.39990234375,67.1399993896484
67741000,2025-06-11,835350,3321.30004882813,69.7699966430664
65887000,2025-06-10,827400,3320.89990234375,66.870002746582
64610000,2025-06-09,819100,3332.10009765625,67.0400009155273
65513000,2025-06-08,824950,,
65003000,2025-06-07,822850,,
64278000,2025-06-06,820700,3322.69995117188,66.4700012207031
66173000,2025-06-02,823850,3370.60009765625,64.629997253418
66053000,2025-06-01,823650,,
64160000,2025-05-31,822500,,
64423000,2025-05-30,827400,3288.89990234375,63.9000015258789
64400000,2025-05-28,822700,3293.60009765625,64.9000015258789
64423000,2025-05-27,826850,3299.10009765625,64.0899963378906
64603000,2025-05-26,828300,,
64813000,2025-05-25,822500,,
65363000,2025-05-24,823500,,
65688000,2025-05-23,829150,3363.60009765625,64.7799987792969
65317000,2025-05-21,827100,3309.30004882813,64.9100036621094
64818000,2025-05-20,831900,3280.30004882813,65.379997253418
65926000,2025-05-19,840650,3228.89990234375,65.5400009155273
62567000,2025-05-18,818550,,
62207000,2025-05-17,818000,,
63098000,2025-05-16,823350,3182,65.4100036621094
64347000,2025-05-14,831100,3181.39990234375,66.0899963378906
64605000,2025-05-13,832100,3240.30004882813,66.629997253418
65822000,2025-05-12,835000,3220,64.9599990844727
65411000,2025-05-11,834900,,
66482000,2025-05-10,831950,,
67189000,2025-05-09,835500,3335.39990234375,63.9099998474121
66958000,2025-05-07,830600,3381.39990234375,61.1199989318848
66683000,2025-05-06,820500,3411.39990234375,62.1500015258789
66889000,2025-05-05,824650,3311.30004882813,60.2299995422363
67798000,2025-05-04,844400,,
68068000,2025-05-03,858700,,
67759000,2025-05-02,856900,3231.89990234375,61.2900009155273
64174000,2025-04-30,819450,3305,63.1199989318848
64869000,2025-04-29,813900,3318.80004882813,64.25
64910000,2025-04-28,809650,3332.5,65.8600006103516
65347000,2025-04-27,812650,,
66940000,2025-04-26,827000,,
66531000,2025-04-25,823600,3282.39990234375,66.870002746582
65065000,2025-04-22,808750,3400.80004882813,67.4400024414063
65693000,2025-04-21,808350,3406.19995117188,66.2600021362305
66330000,2025-04-20,819750,,
65543000,2025-04-19,827900,,
65644000,2025-04-18,831900,,
68710000,2025-04-16,855950,3326.60009765625,65.8499984741211
69754000,2025-04-15,877000,3218.69995117188,64.6699981689453
67332000,2025-04-14,879800,3204.80004882813,64.879997253418
67579000,2025-04-13,880800,,
66432000,2025-04-12,859900,,
73782000,2025-04-11,962150,3222.19995117188,64.7600021362305
76398000,2025-04-09,1008900,3056.5,65.4800033569336
75431000,2025-04-08,999700,2968.39990234375,62.8199996948242
73644000,2025-04-07,997950,2951.30004882813,64.2099990844727
78236000,2025-04-06,1055550,,
79863000,2025-04-05,1045200,,
77105000,2025-04-04,1025650,3012,65.5800018310547
82382000,2025-04-02,,3139.89990234375,74.9499969482422
81817000,2025-03-29,1027800,,
82814000,2025-03-28,1038950,3086.5,73.629997253418
81142000,2025-03-26,1021900,3020.89990234375,73.7900009155273
79949000,2025-03-25,1019200,3023.69995117188,73.0199966430664
79388000,2025-03-24,1017850,3013.10009765625,73
81094000,2025-03-17,977800,3000,71.0699996948242
76978000,2025-03-16,943200,,
73794000,2025-03-15,931300,,
68713000,2025-03-14,911350,2994.5,70.5800018310547
68110000,2025-03-12,923050,2939.10009765625,70.9499969482422
67258000,2025-03-11,926800,2912.89990234375,69.5599975585938
66746000,2025-03-10,922850,2891,69.2799987792969
67341000,2025-03-09,923850,,
67182000,2025-03-08,922100,,
66358000,2025-03-07,912200,2904.69995117188,70.3600006103516
63786000,2025-03-05,891700,2915.30004882813,69.3000030517578
63915000,2025-03-04,884900,2909.60009765625,71.0400009155273
64354000,2025-03-03,904800,2890.19995117188,71.620002746582
63774000,2025-03-02,907350,,
65111000,2025-03-01,922300,,
64358000,2025-02-28,921600,2836.80004882813,73.1800003051758
66300000,2025-02-26,925200,2916.80004882813,72.5299987792969
67184000,2025-02-25,925950,2904.5,73.0199966430664
65806000,2025-02-24,918300,2947.89990234375,74.7799987792969
66568000,2025-02-23,913150,,
67415000,2025-02-22,927400,,
67923000,2025-02-21,935800,2937.60009765625,74.4300003051758
69034000,2025-02-19,930700,2919.39990234375,76.0400009155273
67565000,2025-02-18,921700,2931.60009765625,75.8399963378906
65822000,2025-02-17,919950,,
64735000,2025-02-16,908200,,
65090000,2025-02-15,907050,,
65430000,2025-02-14,906150,2883.60009765625,74.7399978637695
65504000,2025-02-12,890600,2909,75.1800003051758
63827000,2025-02-11,883500,2912.5,77
63948000,2025-02-10,881500,2914.30004882813,75.870002746582
66201000,2025-02-08,913650,,
63273000,2025-02-07,889600,2867.30004882813,74.6600036621094
59642000,2025-02-05,854600,2871.60009765625,74.6100006103516
59023000,2025-02-04,852700,2853.30004882813,76.1999969482422
57712000,2025-02-03,845950,2833.89990234375,75.9599990844727
57045000,2025-02-02,838650,,
56645000,2025-02-01,840500,,
56763000,2025-01-31,837650,2812.5,76.7600021362305
55828000,2025-01-29,835100,2769.10009765625,76.5800018310547
55345000,2025-01-28,832300,2766.80004882813,77.4899978637695
55990000,2025-01-26,839300,,
56103000,2025-01-25,838800,,
55586000,2025-01-24,833900,2777.30004882813,78.5
55163000,2025-01-22,839050,2767.60009765625,79
54824000,2025-01-21,825700,2755,79.2900009155273
54117000,2025-01-20,823350,,
52797000,2025-01-19,810200,,
52478000,2025-01-18,806700,,
52538000,2025-01-17,805300,2744.30004882813,80.7900009155273
52298000,2025-01-15,800700,2712.5,82.0299987792969
52587000,2025-01-14,804850,2677.5,79.9199981689453
53284000,2025-01-12,814600,,
52834000,2025-01-11,806650,,
53535000,2025-01-10,819500,2708.5,79.7600021362305
52850000,2025-01-08,813900,2664.5,76.1600036621094
52718000,2025-01-07,804100,2656.69995117188,77.0500030517578
52240000,2025-01-06,800800,2638.39990234375,76.3000030517578
51174000,2025-01-05,793450,,
51206000,2025-01-04,795450,,
51564000,2025-01-03,798350,2645,76.5100021362305
51956000,2025-01-01,806350,,
52185000,2024-12-31,812300,2629.19995117188,74.6399993896484
52413000,2024-12-30,813050,2606.10009765625,74.3899993896484
52305000,2024-12-29,813200,,
51612000,2024-12-28,797150,,
52630000,2024-12-27,810600,2617.19995117188,74.1699981689453
51432000,2024-12-25,793850,,
50777000,2024-12-24,785950,2620,73.5800018310547
50493000,2024-12-23,786600,2612.30004882813,72.629997253418
49872000,2024-12-22,778800,,
49071000,2024-12-21,762800,,
48918000,2024-12-20,762400,2628.69995117188,72.9400024414063
48710000,2024-12-18,767550,2636.5,73.3899993896484
49694000,2024-12-17,773650,2644.39990234375,73.1900024414063
49124000,2024-12-16,766300,2651.39990234375,73.9100036621094
49417000,2024-12-15,759500,,
48535000,2024-12-14,747100,,
48676000,2024-12-13,747150,2656,74.4899978637695
48182000,2024-12-11,729600,2733.80004882813,73.5199966430664
48613000,2024-12-10,731950,2697.60009765625,72.1900024414063
47579000,2024-12-09,723200,2664.89990234375,72.1399993896484
46942000,2024-12-08,718850,,
46579000,2024-12-07,719200,,
46150000,2024-12-06,715600,2638.60009765625,71.120002746582
46866000,2024-12-03,714800,2644.69995117188,73.620002746582
46217000,2024-12-02,710950,2634.89990234375,71.8300018310547
45919000,2024-12-01,704150,,
45649000,2024-11-30,699000,,
45795000,2024-11-29,704000,2657,72.9400024414063
45631000,2024-11-27,701400,2639.89990234375,72.8300018310547
45111000,2024-11-26,699050,2620.30004882813,72.8099975585938
44703000,2024-11-25,695950,2616.80004882813,73.0100021362305
44735000,2024-11-24,693700,,
45677000,2024-11-23,689600,,
46605000,2024-11-22,699050,2709.89990234375,75.1699981689453
45197000,2024-11-20,692250,2648.19995117188,72.8099975585938
44950000,2024-11-19,689300,2627.10009765625,73.3099975585938
44361000,2024-11-18,689050,2610.60009765625,73.3000030517578
43569000,2024-11-17,684450,,
42872000,2024-11-16,681750,,
42962000,2024-11-15,682400,2565.69995117188,71.0400009155273
42983000,2024-11-13,683300,2580.80004882813,72.2799987792969
43744000,2024-11-12,684400,2600,71.8899993896484
43223000,2024-11-11,678200,2611.19995117188,71.8300018310547
42463000,2024-11-10,669200,,
44458000,2024-11-09,682650,,
45467000,2024-11-08,692200,2687.5,73.870002746582
45432000,2024-11-06,690450,2667.60009765625,74.9199981689453
45709000,2024-11-05,696250,2740.30004882813,75.5299987792969
46097000,2024-11-04,688900,2736.10009765625,75.0800018310547
46185000,2024-11-03,689600,,
46790000,2024-11-02,693250,,
46593000,2024-11-01,694800,2738.60009765625,73.0999984741211
46127000,2024-10-30,682300,2788.5,72.5500030517578
47508000,2024-10-29,692400,2768.39990234375,71.120002746582
46268000,2024-10-28,684000,2742.89990234375,71.4199981689453
45363000,2024-10-27,674800,,
44481000,2024-10-26,660850,,
43768000,2024-10-25,655300,2740.89990234375,76.0500030517578
45970000,2024-10-23,679500,2714.39990234375,74.9599990844727
45677000,2024-10-22,677300,2744.19995117188,76.0400009155273
44368000,2024-10-21,661500,2723.10009765625,74.2900009155273
43255000,2024-10-20,648550,,
42759000,2024-10-19,641950,,
42535000,2024-10-18,639600,2713.69995117188,73.0599975585938
41794000,2024-10-16,636600,2674,74.2200012207031
41625000,2024-10-15,633350,2661.39990234375,74.25
41050000,2024-10-14,627650,2647.80004882813,77.4599990844727
41078000,2024-10-13,631500,,
40819000,2024-10-12,628450,,
40365000,2024-10-11,624950,2657.60009765625,79.0400009155273
40928000,2024-10-09,635500,2606,76.5800018310547
40674000,2024-10-08,629350,2615,77.1800003051758
40346000,2024-10-07,625450,2644.80004882813,80.9300003051758
40999000,2024-10-06,628450,,
41410000,2024-10-05,634550,,
40930000,2024-10-04,623900,2645.80004882813,78.0500030517578
41050000,2024-10-02,626900,2647.10009765625,73.9000015258789
40785000,2024-10-01,622550,2667.30004882813,73.5599975585938
40501000,2024-09-30,614950,2636.10009765625,71.7699966430664
39376000,2024-09-29,603750,,
39787000,2024-09-28,606100,,
40261000,2024-09-27,607000,2644.30004882813,71.9800033569336
39051000,2024-09-25,600300,2659.19995117188,73.4599990844727
38781000,2024-09-24,597150,2651.19995117188,75.1699981689453
39072000,2024-09-23,604850,2626.5,73.9000015258789
38497000,2024-09-22,597800,,
38054000,2024-09-21,595500,,
37382000,2024-09-18,592300,2570.69995117188,73.6500015258789
37313000,2024-09-17,592350,2564.30004882813,73.6999969482422
37331000,2024-09-16,595150,2580.39990234375,72.75
37093000,2024-09-15,591000,,
36895000,2024-09-14,590400,,
37063000,2024-09-13,593900,2581.30004882813,71.6100006103516
36629000,2024-09-10,597500,2512.30004882813,69.1900024414063
36523000,2024-09-09,596150,2501.80004882813,71.8399963378906
36292000,2024-09-08,596750,,
36066000,2024-09-07,594500,,
36038000,2024-09-06,597500,2493.5,71.0599975585938
36454000,2024-09-04,599000,2493.39990234375,72.6999969482422
36433000,2024-09-02,598900,,
36754000,2024-08-31,599000,,
36244000,2024-08-30,594800,2493.80004882813,78.8000030517578
36320000,2024-08-28,593950,2501,78.6500015258789
36147000,2024-08-27,590000,2516,79.5500030517578
35883000,2024-08-26,591250,2517.69995117188,81.4300003051758
36177000,2024-08-25,593200,,
35872000,2024-08-23,582650,2508.39990234375,79.0199966430664
35828000,2024-08-21,584100,2508.39990234375,76.0500030517578
35759000,2024-08-20,581600,2511.30004882813,77.1999969482422
35376000,2024-08-19,579850,2501.80004882813,77.6600036621094
35560000,2024-08-18,583100,,
34775000,2024-08-16,577050,2498.60009765625,79.6800003051758
34671000,2024-08-14,587650,2439.39990234375,79.7600021362305
34752000,2024-08-13,588350,2466.69995117188,80.6900024414063
34978000,2024-08-12,595700,2462.39990234375,82.3000030517578
35422000,2024-08-11,600250,,
34683000,2024-08-10,594100,,
35221000,2024-08-09,597700,2432.10009765625,79.6600036621094
35613000,2024-08-07,610000,2390.5,78.3300018310547
35826000,2024-08-06,614010,2389.10009765625,76.4800033569336
35198000,2024-08-05,611400,2401.69995117188,76.3000030517578
35602000,2024-08-04,614900,,
35999000,2024-08-03,609000,,
36975000,2024-08-02,615270,2425.69995117188,76.8099975585938
36156000,2024-07-31,606000,2426.5,80.7200012207031
35627000,2024-07-30,600400,2405,78.629997253418
34616000,2024-07-29,593500,2377.30004882813,79.7799987792969
34279000,2024-07-28,589400,,
34062000,2024-07-27,590840,,
33882000,2024-07-26,586460,2380,81.129997253418
33734000,2024-07-24,587610,2413.30004882813,81.7099990844727
33958000,2024-07-23,584600,2404.60009765625,81.0100021362305
33630000,2024-07-22,581760,2392,82.4000015258789
33436000,2024-07-21,575960,,
33531000,2024-07-20,576110,,
33621000,2024-07-19,575770,2395.5,82.629997253418
33882000,2024-07-17,572200,2454.80004882813,85.0800018310547
33963000,2024-07-16,573300,2462.39990234375,83.7300033569336
33986000,2024-07-13,579170,,
33845000,2024-07-12,579900,2414,85.0299987792969
33723000,2024-07-10,579650,2372.19995117188,85.0800018310547
33570000,2024-07-09,585100,2360.10009765625,84.6600036621094
33409000,2024-07-08,588790,2355.19995117188,85.75
33808000,2024-07-07,588520,,
34254000,2024-07-06,588510,,
34321000,2024-07-05,598300,2388.5,86.5400009155273
34939000,2024-07-03,608760,2359.80004882813,87.3399963378906
34810000,2024-07-02,603750,2323,86.2399978637695
34785000,2024-07-01,608140,2327.60009765625,86.5999984741211
35306000,2024-06-30,613620,,
35482000,2024-06-29,616910,,
35124000,2024-06-28,610200,2327.69995117188,86.4100036621094
34981000,2024-06-26,603200,2299.19995117188,85.25
34381000,2024-06-25,601200,2316.60009765625,85.0100021362305
34604000,2024-06-23,604500,,
34097000,2024-06-22,602700,,
33637000,2024-06-21,601200,2316.39990234375,85.2399978637695
33669000,2024-06-19,614800,,
33622300,2024-06-18,596100,2330.39990234375,85.3300018310547
33559000,2024-06-17,604700,2312.39990234375,84.25
33658000,2024-06-15,602600,,
33499000,2024-06-14,596500,2331.39990234375,82.620002746582
33113000,2024-06-12,615900,2336,82.5999984741211
33219000,2024-06-11,608300,2307.5,81.9199981689453
32981000,2024-06-10,609900,2307.69995117188,81.629997253418
33122000,2024-06-09,608500,,
33330000,2024-06-08,611600,,
33328000,2024-06-07,603900,2305.19995117188,79.620002746582
33706000,2024-06-05,601900,2354.10009765625,78.4100036621094
33596000,2024-06-04,599800,2325.5,77.5199966430664
33935000,2024-06-01,603100,,
33335000,2024-05-31,599600,2322.89990234375,81.620002746582
33690000,2024-05-29,605400,2340.30004882813,83.5999984741211
33702000,2024-05-28,616500,2355.19995117188,84.2200012207031
33965000,2024-05-27,598200,,
33542000,2024-05-26,614100,,
32894000,2024-05-25,612200,,
32778000,2024-05-24,614500,2332.5,82.120002746582
33268000,2024-05-22,600700,2389.19995117188,81.9000015258789
33362000,2024-05-21,601000,2421.69995117188,82.879997253418
33552000,2024-05-20,604700,2433.89990234375,83.7099990844727
33697000,2024-05-19,605600,,
36008000,2024-05-18,608600,,
33058000,2024-05-17,607700,2412.19995117188,83.9800033569336
33642000,2024-05-15,600600,2388.69995117188,82.75
33723000,2024-05-14,597300,2353.39990234375,82.379997253418
33476000,2024-05-13,595000,2336.10009765625,83.3600006103516
33466000,2024-05-12,629000,,
33748000,2024-05-11,601600,,
34050000,2024-05-10,633700,2367.30004882813,82.7900009155273
34085000,2024-05-08,634600,2313.60009765625,83.5800018310547
34170000,2024-05-07,599500,2315.19995117188,83.1600036621094
34279000,2024-05-06,597200,2321.60009765625,83.3300018310547
34967000,2024-05-05,602200,,
33630000,2024-05-04,606100,,
34487000,2024-05-01,597300,2299.89990234375,83.4400024414063
34371000,2024-04-30,631000,2291.39990234375,87.8600006103516
34570000,2024-04-29,644100,2345.39990234375,88.4000015258789
35004000,2024-04-28,627500,,
33265000,2024-04-27,620100,,
34360000,2024-04-26,600600,2334.80004882813,89.5
35232000,2024-04-24,644200,2324.5,88.0199966430664
35339000,2024-04-23,613700,2327.69995117188,88.4199981689453
35639000,2024-04-22,618300,2332.19995117188,87
36410000,2024-04-21,640100,,
37126000,2024-04-20,627600,,
36620000,2024-04-19,629000,2398.39990234375,87.2900009155273
38298000,2024-04-17,600900,2371.69995117188,87.2900009155273
38268000,2024-04-16,597900,2390.80004882813,90.0199966430664
37892000,2024-04-15,619200,2365.80004882813,90.0999984741211
37433000,2024-04-14,638400,,
37349000,2024-04-13,618800,,
38790000,2024-04-12,641000,2356.19995117188,90.4499969482422
36237000,2024-04-08,637000,2331.69995117188,90.379997253418
35260000,2024-04-07,608700,,
35528000,2024-04-06,640000,,
36809000,2024-04-05,647000,2325.69995117188,91.1699981689453
35948000,2024-04-03,641000,2294.39990234375,89.3499984741211
35498000,2024-04-02,634740,2261,88.9199981689453
34355000,2024-04-01,632900,2236.5,87.4199981689453
33085000,2024-03-29,618334,,
32734000,2024-03-27,616580,2190.60009765625,86.0899963378906
32605000,2024-03-26,613950,2175.60009765625,86.25
32227000,2024-03-25,608380,2174.80004882813,86.75
32277000,2024-03-24,614030,,
32626000,2024-03-23,618100,,
32536000,2024-03-17,603510,,
32007000,2024-03-16,600260,,
31382000,2024-03-15,601080,2157.30004882813,85.3399963378906
31077000,2024-03-13,593800,2175.39990234375,84.0299987792969
30848000,2024-03-12,595340,2160.39990234375,81.9199981689453
30934000,2024-03-11,597090,2182.5,82.2099990844727
31312000,2024-03-10,599410,,
30911000,2024-03-09,592850,,
31509000,2024-03-08,605340,2178.60009765625,82.0800018310547
31882800,2024-03-06,605639,2150.30004882813,82.9599990844727
31892000,2024-03-05,609890,2133.5,82.0400009155273
31645000,2024-03-04,609470,2117.69995117188,82.8000030517578
31070000,2024-03-03,605020,,
29872000,2024-03-02,593390,,
29902000,2024-03-01,593130,2086.89990234375,83.5500030517578
29001000,2024-02-28,584660,2033,83.6800003051758
28988000,2024-02-27,581090,2034,83.6500015258789
29108000,2024-02-26,586050,2028.5,82.5299987792969
28771000,2024-02-25,582491,,
28641000,2024-02-23,572670,2038.59997558594,81.620002746582
28413000,2024-02-21,572710,2022.30004882813,83.0299987792969
28270000,2024-02-20,570290,2027.5,82.3399963378906
27990000,2024-02-19,565060,,
28244000,2024-02-18,570360,,
28055000,2024-02-16,563020,2011.5,83.4700012207031
27766000,2024-02-14,560270,1990.30004882813,81.5999984741211
27575000,2024-02-13,555800,1992.90002441406,82.7699966430664
27429000,2024-02-12,554690,2018.19995117188,82
27494000,2024-02-11,551950,,
27535000,2024-02-09,549020,2023.30004882813,82.1900024414063
27882000,2024-02-06,557380,2034.5,78.5899963378906
27687900,2024-02-05,557015,2025.69995117188,77.9899978637695
27628000,2024-02-04,553880,,
27547000,2024-02-03,551370,,
27815000,2024-02-02,563780,2036.09997558594,77.3300018310547
27939500,2024-01-31,576496,2048.39990234375,81.7099990844727
28842000,2024-01-30,584030,2031.5,82.870002746582
29108000,2024-01-29,582890,2025.19995117188,82.4000015258789
29091000,2024-01-28,582990,,
27972000,2024-01-27,558630,,
28048000,2024-01-26,563000,2016.80004882813,83.5500030517578
27528000,2024-01-23,556590,2023.69995117188,79.5500030517578
27316000,2024-01-22,548920,2019.80004882813,80.0599975585938
27108000,2024-01-21,540510,,
27221000,2024-01-20,539080,,
27293000,2024-01-19,542230,2026.5,78.5599975585938
26944000,2024-01-17,540290,2002.59997558594,77.879997253418
27097000,2024-01-16,536510,2026,78.2900009155273
26737000,2024-01-15,529040,,
26577000,2024-01-14,524630,,
26552000,2024-01-13,520860,,
26921000,2024-01-12,524680,2046.69995117188,78.2900009155273
26139000,2024-01-10,516020,2021.69995117188,76.8000030517578
26086000,2024-01-09,519780,2026.40002441406,77.5899963378906
25947000,2024-01-08,514840,2026.59997558594,76.120002746582
25658000,2024-01-07,509490,,
25820000,2024-01-06,509760,,
25677000,2024-01-05,509740,2042.40002441406,78.7600021362305
25647000,2024-01-03,514170,2034.19995117188,78.25
25504000,2024-01-02,508290,2064.39990234375,75.8899993896484
25451000,2024-01-01,506430,,
25252000,2023-12-31,505980,,
25049000,2023-12-30,505630,,
25155000,2023-12-29,506160,2062.39990234375,77.0400009155273
25019000,2023-12-27,503190,2081.89990234375,79.6500015258789
25060000,2023-12-26,503450,2058.19995117188,81.0699996948242
24765000,2023-12-25,501040,,
24555000,2023-12-24,500890,,
24691000,2023-12-23,500690,,
24883000,2023-12-22,503010,2057.10009765625,79.0699996948242
24638000,2023-12-20,500760,2034.5,79.6999969482422
24576300,2023-12-19,500712,2038.40002441406,79.2300033569336
24543000,2023-12-18,500560,2026.30004882813,77.9499969482422
24476000,2023-12-17,502380,,
24569000,2023-12-15,504670,2021.09997558594,76.5500030517578
24823000,2023-12-13,504670,1982.30004882813,74.2600021362305
24493000,2023-12-12,504460,1977.80004882813,73.2399978637695
24444000,2023-12-11,504640,1978,76.0299987792969
24382000,2023-12-10,506170,,
24541000,2023-12-09,505350,,
24513000,2023-12-08,505310,1998.30004882813,75.8399963378906
24756000,2023-12-06,505170,2030.5,74.3000030517578
24673000,2023-12-05,504240,2018.5,77.1999969482422
24954000,2023-12-04,505010,2024.09997558594,78.0299987792969
24929000,2023-12-03,506510,,
25236000,2023-12-02,505910,,
25254000,2023-12-01,504830,2071,78.879997253418
24790000,2023-11-29,506950,2047.09997558594,83.0999984741211
24751000,2023-11-28,507010,2039.69995117188,81.6800003051758
24575900,2023-11-27,506232,2011.80004882813,79.9800033569336
24377000,2023-11-26,504240,,
24407000,2023-11-25,502510,,
24511000,2023-11-24,504280,2002.19995117188,80.5800018310547
24222000,2023-11-22,503740,1991.40002441406,81.9599990844727
24144000,2023-11-21,502190,1999.30004882813,82.4499969482422
24222000,2023-11-20,501990,1977.69995117188,82.3199996948242
24031000,2023-11-19,504010,,
24241000,2023-11-18,503040,,
24340000,2023-11-17,506400,1981.59997558594,80.6100006103516
24246000,2023-11-15,509430,1960.09997558594,81.1800003051758
24222000,2023-11-14,509070,1961.80004882813,82.4700012207031
24169000,2023-11-13,511510,1945.5,82.5199966430664
24130000,2023-11-12,511800,,
24091000,2023-11-11,513370,,
24236000,2023-11-10,513250,1932.59997558594,81.4300003051758
24375000,2023-11-08,513530,1951.5,79.5400009155273
24349000,2023-11-07,510520,1966.80004882813,81.6100006103516
24382000,2023-11-06,512190,1981.59997558594,85.1800003051758
24654000,2023-11-05,513520,,
24696000,2023-11-04,512360,,
24659000,2023-11-03,511400,1991.5,84.8899993896484
25167000,2023-11-01,521350,1978.80004882813,84.629997253418
24987000,2023-10-31,516860,1985.19995117188,87.4100036621094
24961000,2023-10-30,516380,1996.19995117188,87.4499969482422
24857000,2023-10-29,514600,,
24966000,2023-10-28,513390,,
25287000,2023-10-27,521490,1988.59997558594,90.4800033569336
24765000,2023-10-25,516090,1984.09997558594,90.129997253418
24592000,2023-10-24,511860,1975,88.0699996948242
24331000,2023-10-23,507540,1976.30004882813,89.8300018310547
24061000,2023-10-22,506160,,
24139300,2023-10-21,506362,,
24179800,2023-10-18,508805,1955.30004882813,91.5
24375000,2023-10-17,513360,1922.69995117188,89.9000015258789
23973000,2023-10-16,509920,1921.09997558594,89.6500015258789
23468000,2023-10-15,502980,,
24075000,2023-10-14,507520,,
23968000,2023-10-12,511700,1869.30004882813,86
23968000,2023-10-11,515530,1872.80004882813,85.8199996948242
23985000,2023-10-10,517730,1861,87.6500015258789
23999000,2023-10-09,520570,1849.5,88.1500015258789
24534000,2023-10-08,527530,,
24446000,2023-10-07,524400,,
22438000,2023-10-05,498970,1816.59997558594,84.0699996948242
22438000,2023-10-04,499010,1818.5,85.8099975585938
22505000,2023-10-02,496240,1830,90.7099990844727
22505000,2023-10-01,496500,,
22611000,2023-09-30,495540,,
22918000,2023-09-28,495380,1860.40002441406,95.379997253418
22918000,2023-09-27,497380,1871.59997558594,96.5500030517578
22865000,2023-09-26,494480,1900.40002441406,93.9599990844727
23158000,2023-09-25,495020,1916.59997558594,93.2900009155273
23174000,2023-09-23,493580,,
23234000,2023-09-21,493930,1919.19995117188,93.3000030517578
23234000,2023-09-20,493930,1945.59997558594,93.5299987792969
23334000,2023-09-19,491150,1932,94.3399963378906
23403000,2023-09-18,496450,1931.5,94.4300003051758
23345000,2023-09-17,495330,,
23486000,2023-09-13,499310,1909.09997558594,91.879997253418
23486000,2023-09-12,499310,1911.30004882813,92.0599975585938
23357000,2023-09-11,497000,1923.30004882813,90.6399993896484
23414000,2023-09-10,495750,,
23456000,2023-09-09,496650,,
23534000,2023-09-07,495910,1917.5,89.9199981689453
23625000,2023-09-05,496040,1926.19995117188,90.0400009155273
23625000,2023-09-04,496040,,
23708000,2023-09-03,496400,,
23634000,2023-09-02,496660,,
23294000,2023-08-31,490200,1938.19995117188,86.8600006103516
23294000,2023-08-30,490200,1944.30004882813,85.8600006103516
23315000,2023-08-29,491010,1936.5,85.4899978637695
23225000,2023-08-28,490760,1917.90002441406,84.4199981689453
23112000,2023-08-27,490130,,
23170000,2023-08-26,491620,,
23130000,2023-08-24,491670,1918.19995117188,83.3600006103516
23130000,2023-08-23,491670,1918.5,83.2099990844727
23163000,2023-08-22,490230,1896.40002441406,84.0299987792969
23190000,2023-08-21,492730,1893.30004882813,84.4599990844727
22798000,2023-08-20,486950,,
22632000,2023-08-19,487920,,
23043000,2023-08-17,488580,1884.09997558594,84.120002746582
23043000,2023-08-16,488580,1896.09997558594,83.4499969482422
23077000,2023-08-15,489440,1902.5,84.8899993896484
23220000,2023-08-14,492480,1910.59997558594,86.2099990844727
23211000,2023-08-13,492960,,
23216000,2023-08-12,491420,,
23495000,2023-08-10,496730,1914.40002441406,86.4000015258789
23495000,2023-08-09,496590,1915.40002441406,87.5500030517578
23507000,2023-08-08,495420,1924.09997558594,86.1699981689453
23407000,2023-08-07,493500,1933.5,85.3399963378906
23516000,2023-08-06,496440,,
23604000,2023-08-05,496320,,
23670400,2023-08-02,498670,1937.40002441406,83.1999969482422
23857200,2023-08-01,500090,1940.69995117188,84.9100036621094
23918000,2023-07-31,500700,1970.5,85.5599975585938
23678000,2023-07-30,493660,,
23262000,2023-07-29,487970,,
23329000,2023-07-26,488990,1968.90002441406,82.9199981689453
23329000,2023-07-25,490250,1962.09997558594,83.6399993896484
23341000,2023-07-24,488370,1960.30004882813,82.7399978637695
23269000,2023-07-23,486140,,
22722000,2023-07-22,483360,,
23177000,2023-07-20,486370,1968.30004882813,79.6399993896484
23177000,2023-07-19,486370,1977.5,79.4599990844727
23107000,2023-07-18,484700,1977.19995117188,79.629997253418
23126000,2023-07-17,488170,1952.40002441406,78.5
23262000,2023-07-16,488180,,
23184000,2023-07-15,483700,,
23493000,2023-07-13,492610,1959.19995117188,81.3600006103516
23493000,2023-07-12,492610,1956.19995117188,80.1100006103516
23456000,2023-07-11,492430,1931.30004882813,79.4000015258789
23278000,2023-07-10,491460,1925,77.6900024414063
23486000,2023-07-09,498290,,
23578000,2023-07-08,499630,,
23837000,2023-07-06,503130,1908.69995117188,76.5199966430664
23837000,2023-07-05,503130,1919.59997558594,76.6500015258789
23807000,2023-07-04,503100,,
23846000,2023-07-03,502840,1921.69995117188,74.6500015258789
23832000,2023-07-02,502990,,
24001000,2023-07-01,499930,,
23484000,2023-06-28,492800,1912.30004882813,74.0299987792969
23484000,2023-06-27,492350,1914,72.2600021362305
23511000,2023-06-26,492920,1923.69995117188,74.1800003051758
23597000,2023-06-25,497970,,
23581000,2023-06-24,499510,,
23352000,2023-06-22,497130,1912.69995117188,74.1399993896484
23352000,2023-06-21,497310,1933.30004882813,77.120002746582
23008000,2023-06-20,485880,1935.5,75.9000015258789
23297000,2023-06-19,489740,,
23107000,2023-06-18,486810,,
23585000,2023-06-17,492280,,
23077000,2023-06-15,488100,1957.80004882813,75.6699981689453
23077000,2023-06-14,488020,1955.30004882813,73.1999969482422
23278000,2023-06-13,488580,1944.59997558594,74.2900009155273
23465000,2023-06-12,499100,1955.30004882813,71.8399963378906
22768000,2023-06-11,481970,,
22472000,2023-06-10,470090,,
23486000,2023-06-08,490840,1963.59997558594,75.9599990844727
23486000,2023-06-07,492900,1942.69995117188,76.9499969482422
23869000,2023-06-06,496350,1965.5,76.2900009155273
24647000,2023-06-03,509250,,
25040000,2023-06-01,510890,1978,74.2799987792969
25040000,2023-05-31,513330,1963.90002441406,72.6600036621094
24950000,2023-05-30,509580,1958,73.5400009155273
24957000,2023-05-29,513420,,
25268000,2023-05-28,518350,,
24959000,2023-05-27,515170,,
25271000,2023-05-25,514320,1943.09997558594,76.2600021362305
25271000,2023-05-24,516190,1962.80004882813,78.3600006103516
25361000,2023-05-23,515040,1972.40002441406,76.8399963378906
25633000,2023-05-22,522510,1974.80004882813,75.9899978637695
25774000,2023-05-21,523310,,
25642000,2023-05-20,518530,,
24998000,2023-05-18,510980,1956.5,75.8600006103516
24998000,2023-05-17,512090,1980.69995117188,76.9599990844727
,2023-05-15,515020,2018,75.2300033569336
25317900,2023-05-14,521060,,
25234000,2023-05-13,513810,,
26425000,2023-05-11,530360,2014.69995117188,74.9800033569336
26425000,2023-05-10,530410,2030.5,76.4100036621094
26522000,2023-05-09,529510,2036.19995117188,77.4400024414063
26409000,2023-05-08,531720,2026.30004882813,77.0100021362305
26587000,2023-05-07,535870,,
26344000,2023-05-06,527520,,
27346000,2023-05-04,536840,2048,72.5
27346000,2023-05-03,541800,2028.59997558594,72.3300018310547
27263000,2023-05-02,540200,2014.30004882813,75.3199996948242
27217000,2023-05-01,546450,1983.40002441406,79.3099975585938
27480000,2023-04-30,557350,,
27452000,2023-04-29,549090,,
26580000,2023-04-27,532830,1989.90002441406,78.370002746582
26580000,2023-04-26,535050,1985.69995117188,77.6900024414063
25730000,2023-04-25,517810,1994,80.7699966430664
25733500,2023-04-23,517759,,
26021000,2023-04-19,516069,1995.19995117188,83.120002746582
25908000,2023-04-18,517080,2007.40002441406,84.7699966430664
25545000,2023-04-17,517570,1994.19995117188,84.7600021362305
26300000,2023-04-16,514550,,
25501000,2023-04-15,512590,,
25472300,2023-04-12,510019,2010.90002441406,87.3300018310547
,2023-04-11,510540,2004.80004882813,85.6100006103516
25542700,2023-04-10,508880,1989.09997558594,84.1800003051758
24899000,2023-04-09,504600,,
24869000,2023-04-08,503080,,
25487000,2023-04-06,510483,2011.90002441406,85.120002746582
25490000,2023-04-05,507990,2020.90002441406,84.9899978637695
25952000,2023-04-04,511080,2022.19995117188,84.9400024414063
25827000,2023-04-03,511080,1983.90002441406,84.9300003051758
26009200,2023-03-29,546655,1966.09997558594,78.2799987792969
26301500,2023-03-28,511750,1972.40002441406,78.6500015258789
25933600,2023-03-27,511900,1952.40002441406,78.120002746582
26328600,2023-03-26,510920,,
26018600,2023-03-25,507910,,
26370800,2023-03-24,,1982.09997558594,74.9899978637695
26323700,2023-03-18,481014,,
24217000,2023-03-15,467919,1926.59997558594,73.6900024414063
23165000,2023-03-14,469470,1906.19995117188,77.4499969482422
22840000,2023-03-13,470800,1911.69995117188,80.7699966430664
21704000,2023-03-12,452840,,
19926000,2023-03-11,445050,,
22492600,2023-03-08,492988,1812.69995117188,82.6600036621094
22928800,2023-03-07,509070,1813.90002441406,83.2900009155273
23204000,2023-03-06,503480,1847.90002441406,86.1800003051758
23472000,2023-03-05,511040,,
23433000,2023-03-04,509000,,
25129100,2023-03-01,556478,1837.69995117188,84.3099975585938
25086000,2023-02-28,556510,1828.90002441406,83.8899993896484
26050300,2023-02-27,559340,1817,82.4499969482422
25740900,2023-02-26,584380,,
27290000,2023-02-25,584930,,
26350000,2023-02-22,525831,1832,80.5999984741211
24008000,2023-02-21,511050,1833,83.0500030517578
23135000,2023-02-20,498910,,
23438000,2023-02-19,499020,,
22015000,2023-02-16,451120,1842,85.1399993896484
21845700,2023-02-14,457108,1854,85.5800018310547
21424000,2023-02-13,459070,1851.90002441406,86.6100006103516
21198000,2023-02-12,456050,,
21164400,2023-02-08,450651,1877.40002441406,85.0899963378906
20880000,2023-02-07,445610,1871.69995117188,83.6900024414063
20681000,2023-02-06,442370,1866.19995117188,80.9899978637695
20690000,2023-02-05,449400,,
21632000,2023-02-01,449250,1927.80004882813,82.8399963378906
21415000,2023-01-31,447040,1929.5,84.4899978637695
20702000,2023-01-30,447300,1922.90002441406,84.9000015258789
21127000,2023-01-29,446050,,
21369000,2023-01-28,448210,,
21075000,2023-01-25,438080,1941.19995117188,86.120002746582
20626000,2023-01-24,437620,1933.90002441406,86.129997253418
20365000,2023-01-23,435850,1927.09997558594,88.1900024414063
20838000,2023-01-22,448320,,
20840000,2023-01-21,449400,,
20591900,2023-01-18,439761,1904.40002441406,84.9800033569336
20272000,2023-01-17,431800,1907.19995117188,85.9199981689453
19914000,2023-01-16,418810,,
19418000,2023-01-15,411170,,
19215000,2023-01-14,409770,,
19253400,2023-01-11,409413,1874.59997558594,82.6699981689453
18878000,2023-01-10,408300,1871.59997558594,80.0999984741211
18852100,2023-01-08,407650,,
18991000,2023-01-07,410890,,
18049000,2023-01-05,394830,1834.80004882813,78.6900024414063
18049000,2023-01-04,400620,1852.80004882813,77.8399963378906
18056000,2023-01-03,397550,1839.69995117188,82.0999984741211
17952000,2023-01-02,397380,,
18497000,2023-01-01,409530,,
18552000,2022-12-31,411740,,
19153000,2022-12-29,416150,1819.5,82.2600021362305
19921000,2022-12-28,434360,1807.90002441406,83.2600021362305
18783000,2022-12-26,397210,,
18783000,2022-12-25,414940,,
18460000,2022-12-24,410030,,
18001000,2022-12-22,390500,1787,80.9800033569336
18001000,2022-12-21,397610,1815.90002441406,82.1999969482422
17694000,2022-12-20,396330,1815.90002441406,79.9899978637695
17417000,2022-12-19,391460,1787.69995117188,79.8000030517578
17664000,2022-12-18,396790,,
17421000,2022-12-17,393270,,
16902000,2022-12-15,378280,1777.19995117188,81.2099990844727
16902000,2022-12-14,378280,1807.5,82.6999969482422
16752000,2022-12-13,383390,1813.90002441406,80.6800003051758
16978000,2022-12-12,385170,1780.5,77.9899978637695
16724000,2022-12-11,379560,,
16463000,2022-12-10,372820,,
16035500,2022-12-07,370189,1785.5,77.1699981689453
15764000,2022-12-06,362890,1769.30004882813,79.3499984741211
15747000,2022-12-05,361870,1767.40002441406,82.6800003051758
15807000,2022-12-04,363150,,
15948000,2022-12-03,363110,,
15773000,2022-12-01,357950,1801.09997558594,86.879997253418
15773000,2022-11-30,358880,1746,85.4300003051758
15544000,2022-11-29,357000,1748.40002441406,83.0299987792969
15276000,2022-11-28,355050,1740.09997558594,83.1900024414063
15286000,2022-11-27,360350,,
15297000,2022-11-26,360114,,
15034000,2022-11-24,349900,,
15034000,2022-11-23,354593,1744.90002441406,85.4100036621094
14955000,2022-11-22,355126,1738.30004882813,88.3600006103516
14997000,2022-11-21,356580,1737.40002441406,87.4499969482422
14916000,2022-11-20,357042,,
15013000,2022-11-19,353091,,
14856000,2022-11-17,347510,1760.80004882813,89.7799987792969
14856000,2022-11-16,349704,1773,92.8600006103516
15147000,2022-11-15,354669,1773.80004882813,93.8600006103516
15205000,2022-11-14,355950,1773.59997558594,93.1399993896484
15089000,2022-11-13,358010,,
14870000,2022-11-12,354420,,
14660000,2022-11-10,350590,1750.30004882813,93.6699981689453
14660000,2022-11-09,350590,1710.09997558594,92.6500015258789
14667000,2022-11-08,354010,1712.09997558594,95.3600006103516
14745000,2022-11-07,361830,1676.5,97.9199981689453
14861000,2022-11-06,361970,,
14801000,2022-11-05,362640,,
13930000,2022-11-03,,1627.30004882813,94.6699981689453
13930000,2022-11-02,350163,1645.69995117188,96.1600036621094
13965000,2022-11-01,346060,1645,94.6500015258789
13748000,2022-10-31,334720,1635.90002441406,94.8300018310547
13605000,2022-10-30,332450,,
13561000,2022-10-29,329740,,
,2022-10-27,330520,1660.69995117188,96.9599990844727
13539800,2022-10-26,330570,1664,95.6900024414063
13616000,2022-10-25,328880,1652.80004882813,93.5199966430664
13483000,2022-10-24,328700,1648.69995117188,93.2600021362305
13369000,2022-10-23,327630,,
13420000,2022-10-22,328120,,
13406000,2022-10-20,326550,1630.80004882813,92.379997253418
13406000,2022-10-19,326510,1627.5,92.4100036621094
13404000,2022-10-18,327940,1649,90.0299987792969
13450000,2022-10-17,328450,1657,91.620002746582
13492000,2022-10-16,328570,,
13550000,2022-10-15,331210,,
13616000,2022-10-13,329460,1670,94.5699996948242
13616000,2022-10-12,329540,1670.30004882813,92.4499969482422
13614000,2022-10-11,326480,1678.69995117188,94.2900009155273
13598000,2022-10-10,327410,1667.30004882813,96.1900024414063
13538000,2022-10-09,324910,,
13501000,2022-10-08,323070,,
13762000,2022-10-05,326316,1711.40002441406,93.370002746582
13986000,2022-10-04,331020,1721.09997558594,91.8000030517578
13986000,2022-10-03,330950,1692.90002441406,88.8600006103516
13928000,2022-10-02,332420,,
13767000,2022-10-01,331520,,
13298000,2022-09-29,318480,1658.5,88.4899978637695
13298000,2022-09-28,318440,1660.40002441406,89.3199996948242
13113000,2022-09-26,316810,1623.30004882813,84.0599975585938
13109000,2022-09-24,317010,,
13323000,2022-09-22,316660,1670.80004882813,90.4599990844727
13323000,2022-09-21,316730,1664.59997558594,89.8300018310547
13212000,2022-09-20,317130,1659.69995117188,90.620002746582
13065000,2022-09-19,316740,1666.19995117188,92
13069000,2022-09-18,316540,,
13224000,2022-09-15,315560,1665.40002441406,90.8399963378906
13224000,2022-09-14,315540,1696.5,94.0999984741211
13252000,2022-09-13,313750,1705,93.1699981689453
13379000,2022-09-12,317060,1728.09997558594,94
13259000,2022-09-11,309760,,
12989000,2022-09-10,309100,,
12827000,2022-09-08,302410,1708,89.1500015258789
12827000,2022-09-07,302380,1715.30004882813,88
12758000,2022-09-06,302150,1700.40002441406,92.8300018310547
12762000,2022-09-05,302420,,
12730000,2022-09-04,302260,,
12834000,2022-09-03,302640,,
12564000,2022-09-01,298470,1696.59997558594,92.3600006103516
12564000,2022-08-31,299030,1712.80004882813,96.4899978637695
12691000,2022-08-30,299530,1723.19995117188,99.3099975585938
12654000,2022-08-29,298580,1736.59997558594,105.089996337891
12647000,2022-08-28,297120,,
12561000,2022-08-27,295740,,
12845000,2022-08-25,,1757.69995117188,99.3399963378906
12845000,2022-08-24,297751,1747.80004882813,101.220001220703
12485000,2022-08-23,290870,1746.80004882813,100.220001220703
12511000,2022-08-22,293350,1734,96.4800033569336
12337000,2022-08-21,293440,,
12361000,2022-08-20,290510,,
12751000,2022-08-18,,1755.30004882813,96.5899963378906
12751000,2022-08-17,289976,1760.30004882813,93.6500015258789
12845000,2022-08-16,297730,1773.19995117188,92.3399963378906
13028000,2022-08-15,302380,1781.40002441406,95.0999984741211
13005000,2022-08-14,302030,,
13282000,2022-08-13,303110,,
13732000,2022-08-11,,1789.69995117188,99.5999984741211
13732000,2022-08-10,310026,1795.59997558594,97.4000015258789
13589000,2022-08-09,311580,1794,96.3099975585938
13676000,2022-08-06,,,
,2022-08-05,317772,1772.90002441406,94.9199981689453
13741000,2022-08-04,,1788.5,94.120002746582
13741000,2022-08-03,315154,1758,96.7799987792969
13550000,2022-08-02,311750,1771.09997558594,100.540000915527
13665000,2022-08-01,316490,1769,100.029998779297
13598000,2022-07-31,317030,,
13683000,2022-07-30,317760,,
13623000,2022-07-28,,1750.30004882813,107.139999389648
13623000,2022-07-27,319239,1719.09997558594,106.620002746582
13531000,2022-07-26,320050,1717.69995117188,104.400001525879
13538000,2022-07-25,319630,1719,105.150001525879
13457000,2022-07-24,318480,,
13485000,2022-07-23,320470,,
13536000,2022-07-21,,1712.69995117188,103.860000610352
13536000,2022-07-20,318830,1699.5,106.919998168945
13506000,2022-07-19,318000,1710,107.349998474121
13672000,2022-07-17,,,
13672000,2022-07-16,318885,,
13810000,2022-07-14,,1704.5,99.0999984741211
13810000,2022-07-13,322036,1734.19995117188,99.5699996948242
13997000,2022-07-12,316030,1723.30004882813,99.4899978637695
13813000,2022-07-11,316080,1730,107.099998474121
13845000,2022-07-09,,,
,2022-07-08,315343,1740.59997558594,107.019996643066
13817000,2022-07-07,,1737.90002441406,104.650001525879
13817000,2022-07-06,314038,1734.90002441406,100.690002441406
13720000,2022-07-05,315330,1761.80004882813,102.769996643066
13646000,2022-07-04,314150,,
14247000,2022-07-03,318200,,
14235000,2022-07-02,321890,,
14341000,2022-06-30,,1804.09997558594,114.809997558594
14341000,2022-06-29,321439,1813.69995117188,116.26000213623
13843000,2022-06-28,311750,1817.5,117.980003356934
13577000,2022-06-27,307260,1820.90002441406,115.089996337891
13538000,2022-06-26,305120,,
13935000,2022-06-25,313420,,
14445000,2022-06-23,,1825.69995117188,110.050003051758
14445000,2022-06-22,317277,1834.30004882813,111.73999786377
14434000,2022-06-21,319780,1834.59997558594,114.650001525879
14390000,2022-06-20,316850,,
14326000,2022-06-19,317100,,
14270000,2022-06-18,316800,,
14145000,2022-06-16,,1845.69995117188,119.809997558594
14145000,2022-06-15,317768,1815.30004882813,118.51000213623
14274000,2022-06-14,315680,1809.5,121.169998168945
14448000,2022-06-13,321360,1828,122.269996643066
14715000,2022-06-12,326640,,
15082000,2022-06-11,329400,,
14408000,2022-06-09,,1848.80004882813,123.069999694824
14870000,2022-06-08,321300,1851.90002441406,123.580001831055
14429000,2022-06-07,317030,1847.5,120.569999694824
14420000,2022-06-06,317910,1839.19995117188,119.51000213623
14304000,2022-06-02,,1866.5,117.610000610352
14304000,2022-06-01,312934,1843.30004882813,116.290000915527
14473000,2022-05-31,315180,1842.69995117188,122.839996337891
14270000,2022-05-30,310030,,
14217000,2022-05-29,308360,,
14067000,2022-05-28,305660,,
13892500,2022-05-25,303677,1846.19995117188,114.029998779297
13801000,2022-05-24,301240,1865.09997558594,113.559997558594
13794000,2022-05-23,301870,1847.80004882813,113.419998168945
13783000,2022-05-22,302440,,
13797000,2022-05-21,303230,,
13561000,2022-05-19,,1841.19995117188,112.040000915527
13561000,2022-05-18,299560,1815.90002441406,109.110000610352
13501000,2022-05-17,301120,1818.19995117188,111.930000305176
13600000,2022-05-16,302320,1813.5,114.23999786377
13746000,2022-05-15,305340,,
13817000,2022-05-14,305670,,
13951000,2022-05-12,255900,1823.80004882813,107.449996948242
13441000,2022-05-11,255800,1852.59997558594,107.51000213623
13423700,2022-05-09,275432,1857.09997558594,105.940002441406
13104000,2022-05-08,285460,,
13111000,2022-05-07,283650,,
13072000,2022-05-05,280560,1874,110.900001525879
12922000,2022-05-02,280210,1861.80004882813,107.580001831055
12922000,2022-05-01,282540,,
12965000,2022-04-30,281580,,
12949000,2022-04-28,279800,1888.69995117188,107.589996337891
12949000,2022-04-27,281530,1885.90002441406,105.319999694824
12924000,2022-04-26,280920,1901.40002441406,104.98999786377
12862000,2022-04-25,279220,1893.19995117188,102.319999694824
12778000,2022-04-24,278420,,
,2022-04-21,278640,1944.90002441406,108.330001831055
12938400,2022-04-20,278620,1952.30004882813,106.800003051758
13076000,2022-04-19,277460,1955.69995117188,107.25
12993000,2022-04-18,275810,1982.90002441406,113.160003662109
13136000,2022-04-17,276690,,
13166000,2022-04-16,279170,,
13069000,2022-04-14,277910,1970.90002441406,111.699996948242
13069000,2022-04-13,277910,1981,108.779998779297
13148000,2022-04-12,278170,1972.09997558594,104.639999389648
13242000,2022-04-11,281130,1944.30004882813,98.4800033569336
13182000,2022-04-10,280580,,
13210000,2022-04-09,279950,,
12878000,2022-04-07,274830,1933.80004882813,100.580001831055
12878000,2022-04-06,276030,1918.40002441406,101.069999694824
12802000,2022-04-05,273940,1922.90002441406,106.639999389648
12940000,2022-04-04,277170,1929.19995117188,107.529998779297
12758000,2022-04-03,271950,,
12578000,2022-03-31,271140,1949.19995117188,107.910003662109
12578000,2022-03-30,271260,1933.5,113.449996948242
12571000,2022-03-29,270500,1912,110.230003356934
12494000,2022-03-28,270430,1939.59997558594,112.480003356934
12448000,2022-03-27,266450,,
12451000,2022-03-26,262740,,
12331300,2022-03-18,262520,1928.19995117188,107.930000305176
12291000,2022-03-17,262300,1942.09997558594,106.639999389648
12291000,2022-03-16,262240,1908,98.0199966430664
12157000,2022-03-15,263770,1928.5,99.9100036621094
12241000,2022-03-14,263680,1959.59997558594,106.900001525879
12301000,2022-03-13,262760,,
12384000,2022-03-12,264360,,
12178000,2022-03-10,256960,1998.09997558594,109.330001831055
12178000,2022-03-09,256810,1985.90002441406,111.139999389648
12238000,2022-03-08,257590,2040.09997558594,127.980003356934
12481000,2022-03-07,260380,1993.90002441406,123.209999084473
12086000,2022-03-06,258110,,
11966000,2022-03-05,254400,,
12000000,2022-03-03,256150,1934.40002441406,110.459999084473
12000000,2022-03-02,256070,1920.90002441406,112.930000305176
12030000,2022-02-28,259650,1899.40002441406,100.98999786377
12030000,2022-02-27,259790,,
12021000,2022-02-26,259850,,
12301000,2022-02-24,261440,1925.09997558594,99.0800018310547
12301000,2022-02-23,261550,1909.19995117188,96.8399963378906
11908000,2022-02-22,259490,1906.09997558594,96.8399963378906
11885000,2022-02-21,260570,,
11749000,2022-02-20,257920,,
11730000,2022-02-19,254170,,
11904100,2022-02-16,262430,1870.19995117188,94.8099975585938
12095000,2022-02-13,269153,,
12176000,2022-02-12,268670,,
11636000,2022-02-10,262270,1836.19995117188,91.4100036621094
11636000,2022-02-09,262320,1835.19995117188,91.5500030517578
11656000,2022-02-08,262240,1826.59997558594,90.7799987792969
11555000,2022-02-07,260520,1820.59997558594,92.6900024414063
11776000,2022-02-06,264600,,
11848000,2022-02-05,267600,,
12109000,2022-02-03,272650,1803,91.1100006103516
12109000,2022-02-02,272810,1809.19995117188,89.4700012207031
12088000,2022-02-01,272540,1800.30004882813,89.1600036621094
12169000,2022-01-31,274600,1795,91.2099990844727
12167000,2022-01-30,276910,,
12277000,2022-01-29,278820,,
12324000,2022-01-27,277710,1793.30004882813,89.3399963378906
12324000,2022-01-26,277900,1829.90002441406,89.9599990844727
12381000,2022-01-25,278580,1852.69995117188,88.1999969482422
12397000,2022-01-24,277790,1841.69995117188,86.2699966430664
12416000,2022-01-23,279650,,
12349000,2022-01-22,277690,,
12180000,2022-01-20,275250,1842.5,88.379997253418
12180000,2022-01-19,275140,1843.09997558594,88.4400024414063
12100000,2022-01-18,274740,1812.30004882813,87.5100021362305
11917000,2022-01-17,273430,,
11855000,2022-01-16,273030,,
11977000,2022-01-15,275080,,
12275000,2022-01-13,266620,1821.19995117188,84.4700012207031
12275000,2022-01-12,279600,1827.19995117188,84.6699981689453
12109000,2022-01-11,277090,1818.59997558594,83.7200012207031
12254000,2022-01-10,280380,1798.40002441406,80.870002746582
11984000,2022-01-09,278820,,
11737000,2022-01-08,273750,,
12654000,2022-01-05,,1824.59997558594,80.8000030517578
12654000,2022-01-04,283735,1814,80
12668000,2022-01-03,290320,1799.40002441406,78.9800033569336
12808000,2022-01-02,292650,,
12938000,2022-01-01,295480,,
12975000,2021-12-30,273880,1812.69995117188,79.3199996948242
12975000,2021-12-29,298180,1805.09997558594,79.2300033569336
12878000,2021-12-28,296590,1810.19995117188,78.9400024414063
12873000,2021-12-27,295210,1808.09997558594,78.5999984741211
12935000,2021-12-26,298570,,
12979000,2021-12-25,299370,,
13019000,2021-12-23,,1811.19995117188,76.8499984741211
13019000,2021-12-22,300131,1801.59997558594,75.2900009155273
13005000,2021-12-21,300770,1787.90002441406,73.9800033569336
12972000,2021-12-20,301780,1793.69995117188,71.5199966430664
12862000,2021-12-19,300710,,
12815000,2021-12-18,299100,,
12991000,2021-12-16,274170,1796.59997558594,75.0199966430664
12991000,2021-12-15,299500,1762.59997558594,73.879997253418
12922000,2021-12-14,301340,1770.40002441406,73.6999969482422
12979000,2021-12-13,302220,1786.30004882813,74.3899993896484
12868000,2021-12-12,297720,,
12933000,2021-12-11,301600,,
13067000,2021-12-09,277040,1774.59997558594,74.4199981689453
13067000,2021-12-08,307060,1783.40002441406,75.8199996948242
13095000,2021-12-07,307010,1782.59997558594,75.4400024414063
13169000,2021-12-06,306930,1777.5,73.0800018310547
13194000,2021-12-05,309710,,
13044000,2021-12-04,303380,,
12589000,2021-12-02,273240,1760.69995117188,69.6699981689453
12589000,2021-12-01,293390,1781.59997558594,68.870002746582
12615000,2021-11-30,291900,1773.59997558594,70.5699996948242
12511000,2021-11-29,290540,1782.30004882813,73.4400024414063
12695000,2021-11-28,294350,,
12573000,2021-11-27,294720,,
12504000,2021-11-25,288080,,
12504000,2021-11-24,289770,1784.09997558594,82.25
12524000,2021-11-23,291660,1783.5,82.3099975585938
12358000,2021-11-22,286440,1806,79.6999969482422
12520000,2021-11-21,284400,,
12395000,2021-11-20,282890,,
12404000,2021-11-18,278980,1861,81.2399978637695
12404000,2021-11-17,281400,1869.69995117188,80.2799987792969
12494000,2021-11-16,283540,1853.59997558594,82.4300003051758
12550000,2021-11-15,281480,1866.09997558594,82.0500030517578
12608000,2021-11-14,280400,,
12702000,2021-11-13,285240,,
12638000,2021-11-11,284240,1863.19995117188,82.870002746582
12638000,2021-11-10,284240,1847.59997558594,82.6399993896484
12520000,2021-11-09,283760,1830.19995117188,84.7799987792969
12146000,2021-11-08,281060,1827.40002441406,83.4300003051758
12037000,2021-11-07,280250,,
12014000,2021-11-06,279880,,
11684000,2021-11-04,276510,1793,80.5400009155273
11684000,2021-11-03,276570,1763.59997558594,81.9899978637695
11716000,2021-11-02,278980,1788.69995117188,84.7200012207031
11684000,2021-11-01,276030,1795.09997558594,84.7099990844727
11716000,2021-10-31,275040,,
11684000,2021-10-30,275760,,
11716000,2021-10-28,276570,1801.59997558594,84.3199996948242
11716000,2021-10-27,276670,1797.90002441406,84.5800018310547
11714000,2021-10-26,276870,1792.69995117188,86.4000015258789
11633000,2021-10-25,275610,1806,85.9899978637695
11629000,2021-10-23,276030,,
11490000,2021-10-21,274150,1781.19995117188,84.6100006103516
11490000,2021-10-20,274210,1784.09997558594,85.8199996948242
11426000,2021-10-19,273060,1769.69995117188,85.0800018310547
11472000,2021-10-18,274750,1764.80004882813,84.3300018310547
11370000,2021-10-17,272530,,
11412000,2021-10-16,271810,,
11416000,2021-10-14,270870,1796.69995117188,84
11416000,2021-10-13,270700,1793.69995117188,83.1800003051758
11414000,2021-10-12,271670,1758.30004882813,83.4199981689453
11319000,2021-10-11,273360,1754.59997558594,83.6500015258789
11394900,2021-10-09,275136,,
11594000,2021-10-06,279320,1760.5,81.0800018310547
11691000,2021-10-04,281360,1766.19995117188,81.2600021362305
11691000,2021-10-03,281380,,
11608000,2021-10-02,280460,,
11645000,2021-09-30,284710,1755.30004882813,78.5199966430664
11573000,2021-09-29,282430,1721.5,78.6399993896484
11513000,2021-09-28,280560,1735.80004882813,79.0899963378906
11460000,2021-09-26,276810,,
11419000,2021-09-25,275590,,
11562000,2021-09-23,276810,1747.69995117188,77.25
11523000,2021-09-22,275210,1776.69995117188,76.1900024414063
11426000,2021-09-21,274030,1776,74.3600006103516
11426000,2021-09-20,274070,1761.80004882813,73.9199981689453
11322000,2021-09-19,274430,,
11336000,2021-09-18,274710,,
11516000,2021-09-16,274460,1754.59997558594,75.6699981689453
11516000,2021-09-15,274510,1792.40002441406,75.4599990844727
11546000,2021-09-14,273170,1804.69995117188,73.5999984741211
11668000,2021-09-13,276410,1792,73.5100021362305
11559000,2021-09-12,273130,,
11573000,2021-09-11,272390,,
11836000,2021-09-09,278270,1797.40002441406,71.4499969482422
11836000,2021-09-08,278410,1790.69995117188,72.5999984741211
11806000,2021-09-07,276810,1795.90002441406,71.6900024414063
11682000,2021-09-06,273810,,
11661000,2021-09-05,271120,,
11691000,2021-09-04,270670,,
11619000,2021-09-02,272910,1808.69995117188,73.0299987792969
11619000,2021-09-01,272790,1813.09997558594,71.5899963378906
11543000,2021-08-31,270350,1815,72.9899978637695
11652000,2021-08-30,274280,1809,73.4100036621094
11539000,2021-08-29,270690,,
11823000,2021-08-28,275990,,
11712000,2021-08-26,278990,1792.19995117188,71.0699996948242
11712000,2021-08-25,278990,1788.19995117188,72.25
11719000,2021-08-24,278490,1805.59997558594,71.0500030517578
11756000,2021-08-23,276490,1803.19995117188,68.75
11733000,2021-08-22,276660,,
11548000,2021-08-21,274580,,
11449000,2021-08-17,268990,1785,69.0299987792969
11449000,2021-08-16,269090,1786.90002441406,69.5100021362305
11488000,2021-08-15,269130,,
11377000,2021-08-14,269070,,
11070000,2021-08-12,264290,1749,71.3099975585938
11070000,2021-08-11,264320,1750.40002441406,71.4400024414063
11102000,2021-08-10,266160,1728.80004882813,70.629997253418
10920000,2021-08-09,263190,1723.40002441406,69.0400009155273
10848000,2021-08-08,259170,,
10865000,2021-08-07,256790,,
11008000,2021-08-05,,1805.09997558594,71.2900009155273
11008000,2021-08-04,256280,1810.5,70.379997253418
10989000,2021-08-03,256240,1810.09997558594,72.4100036621094
10996000,2021-08-02,257330,1818.09997558594,72.8899993896484
10938000,2021-08-01,255190,,
10975000,2021-07-31,254890,,
10957000,2021-07-28,255990,1799.5,74.7399978637695
10957000,2021-07-27,256140,1799.5,74.4800033569336
10775000,2021-07-26,251720,1798.69995117188,74.5
10749000,2021-07-25,250560,,
10606000,2021-07-24,247790,,
10537000,2021-07-22,246280,1805,73.7900009155273
10560000,2021-07-20,245190,1810.90002441406,69.3499984741211
10560000,2021-07-19,245300,1808.69995117188,68.620002746582
10477000,2021-07-18,244670,,
10507000,2021-07-17,245440,,
10590000,2021-07-15,246990,1828.40002441406,73.4700012207031
10590000,2021-07-14,246990,1824.30004882813,74.7600021362305
10491000,2021-07-13,246110,1809.40002441406,76.4899978637695
10539000,2021-07-12,247490,1805.5,75.1600036621094
10613000,2021-07-11,249800,,
10648000,2021-07-10,249990,,
10635700,2021-07-07,249652,1801.5,73.4300003051758
10604000,2021-07-06,250870,1793.5,74.5299987792969
10673000,2021-07-05,250990,,
10576000,2021-07-04,249590,,
10597000,2021-07-03,251500,,
10678000,2021-07-01,251510,1775.90002441406,75.8399963378906
10678000,2021-06-30,251530,1770.80004882813,75.129997253418
10724000,2021-06-29,253990,1762.80004882813,74.7600021362305
10641000,2021-06-28,249660,1779.59997558594,74.6800003051758
10657000,2021-06-27,247080,,
10585000,2021-06-26,246740,,
10338000,2021-06-24,241890,1775.59997558594,75.5599975585938
10338000,2021-06-23,241890,1782.30004882813,75.1900024414063
10382000,2021-06-22,241790,1776.30004882813,74.8099975585938
10440000,2021-06-21,242590,1781.80004882813,74.9000015258789
10352000,2021-06-20,241070,,
10283000,2021-06-19,239490,,
10654000,2021-06-17,244290,1773.80004882813,73.0800018310547
10654000,2021-06-16,244320,1859.5,74.3899993896484
10809000,2021-06-15,241810,1854.5,73.9899978637695
10717000,2021-06-14,240450,1864,72.8600006103516
10682000,2021-06-13,239740,,
10758000,2021-06-12,240990,,
10735000,2021-06-10,239230,1894.19995117188,72.5199966430664
10735000,2021-06-09,239170,1893.19995117188,72.2200012207031
10832000,2021-06-08,241410,1892.19995117188,72.2200012207031
10747000,2021-06-07,239410,1896.80004882813,71.4899978637695
10793000,2021-06-03,234330,1871.19995117188,71.3099975585938
10793000,2021-06-02,237430,1907.5,71.3499984741211
10964000,2021-06-01,234160,1902.90002441406,70.25
10980000,2021-05-31,234060,,
11003000,2021-05-30,238570,,
10800000,2021-05-29,234660,,
10467000,2021-05-27,226470,1895.69995117188,69.4599990844727
10467000,2021-05-26,232390,1901.30004882813,68.870002746582
10442000,2021-05-25,232150,1898.09997558594,68.6500015258789
10329000,2021-05-24,231240,1884.59997558594,68.4599990844727
10368000,2021-05-23,232790,,
10292000,2021-05-22,230650,,
10193000,2021-05-20,223000,1881.80004882813,65.1100006103516
10193000,2021-05-19,230020,1881.30004882813,66.6600036621094
10156000,2021-05-18,228240,1867.80004882813,68.7099990844727
10290000,2021-05-17,231150,1867.5,69.4599990844727
10142000,2021-05-16,228860,,
10287000,2021-05-15,220500,,
9943000,2021-05-12,225850,1822.59997558594,69.3199996948242
9853000,2021-05-11,221850,1835.90002441406,68.5500030517578
9703400,2021-05-09,221816,,
9387000,2021-05-08,216460,,
9399000,2021-05-06,206480,1815.5,68.0899963378906
9399000,2021-05-05,216990,1784.09997558594,68.9599990844727
9394000,2021-05-03,220210,1791.40002441406,67.5599975585938
9394000,2021-05-02,220360,,
9399000,2021-05-01,221710,,
9874000,2021-04-29,232310,1768.09997558594,68.5599975585938
9874000,2021-04-28,235220,1773.19995117188,67.2699966430664
9964000,2021-04-27,237210,1778,66.4199981689453
9983000,2021-04-26,236670,1779.19995117188,65.6500015258789
9936000,2021-04-25,236920,,
10057000,2021-04-24,237320,,
10117000,2021-04-22,233300,1781.19995117188,65.4000015258789
10117000,2021-04-21,238640,1792.30004882813,65.3199996948242
10216000,2021-04-20,241840,1777.30004882813,66.5699996948242
10228000,2021-04-19,241810,1769.40002441406,67.0500030517578
10190000,2021-04-18,240540,,
10396000,2021-04-17,246180,,
10454000,2021-04-15,239870,1765.40002441406,66.9400024414063
10454000,2021-04-14,250150,1734.90002441406,66.5800018310547
10375000,2021-04-13,248970,1746.19995117188,63.6699981689453
10428000,2021-04-12,250320,1731.19995117188,63.2799987792969
10391000,2021-04-11,249950,,
10329000,2021-04-10,247490,,
10511000,2021-04-08,244660,1756.80004882813,63.2000007629395
10511000,2021-04-07,247990,1740.09997558594,63.1599998474121
10585000,2021-04-06,250610,1741.5,62.7400016784668
10701000,2021-04-05,252450,1727,62.1500015258789
10592000,2021-04-04,249240,,
10599000,2021-04-03,249460,,
10846000,2021-03-31,257520,1713.80004882813,63.5400009155273
10846000,2021-03-30,257960,1683.90002441406,64.1399993896484
11031000,2021-03-28,252330,,
10955000,2021-03-27,256240,,
10832100,2021-03-24,251487,1732.90002441406,64.4100036621094
10855000,2021-03-18,239630,1732.19995117188,63.2799987792969
10855000,2021-03-17,251340,1726.80004882813,68
10768000,2021-03-16,248990,1730.59997558594,68.3899993896484
10664000,2021-03-15,248510,1728.90002441406,68.879997253418
10504000,2021-03-14,247240,,
10442000,2021-03-13,246540,,
10287000,2021-03-10,242420,1721.5,67.9000015258789
10287000,2021-03-09,245830,1716.59997558594,67.5199966430664
10211000,2021-03-08,246480,1677.69995117188,68.2399978637695
10126000,2021-03-07,247060,,
10287000,2021-03-06,247760,,
10521000,2021-03-04,246610,1700.19995117188,66.7399978637695
10521000,2021-03-03,249760,1715.30004882813,64.0699996948242
10624000,2021-03-02,253090,1733.09997558594,62.7000007629395
10650000,2021-03-01,252670,1722.5,63.689998626709
10818000,2021-02-28,254250,,
10772000,2021-02-27,253450,,
11019000,2021-02-24,248210,1796.40002441406,67.0400009155273
11019000,2021-02-23,254010,1804.40002441406,65.370002746582
10915000,2021-02-22,251390,1806.69995117188,65.2399978637695
10721000,2021-02-21,245040,,
10825000,2021-02-20,247040,,
11409000,2021-02-18,251710,1773.40002441406,63.9300003051758
11409000,2021-02-17,259450,1771.09997558594,64.3399963378906
11349000,2021-02-16,258030,1797.19995117188,63.3499984741211
11534000,2021-02-15,261450,,
11345000,2021-02-14,254980,,
11529000,2021-02-13,257450,,
11649000,2021-02-11,246960,1824.90002441406,61.1399993896484
11398000,2021-02-09,241030,1835.30004882813,61.0900001525879
11398000,2021-02-08,251480,1831.90002441406,60.560001373291
11310000,2021-02-07,249780,,
10876000,2021-02-06,243850,,
10744000,2021-02-04,237470,1788.90002441406,58.8400001525879
10744000,2021-02-03,239070,1832.19995117188,58.4599990844727
10883000,2021-02-02,239490,1830.5,57.4599990844727
10955000,2021-02-01,243480,1860.80004882813,56.3499984741211
10941000,2021-01-31,240850,,
11077000,2021-01-30,244440,,
10731000,2021-01-28,232110,1837.90002441406,55.5299987792969
10731000,2021-01-27,239650,1844.90002441406,55.810001373291
10557000,2021-01-26,238030,1850.69995117188,55.9099998474121
10465000,2021-01-25,234310,1854.90002441406,55.8800010681152
10650000,2021-01-24,233540,,
10546000,2021-01-23,234620,,
10352000,2021-01-21,226550,1865.30004882813,56.0999984741211
10352000,2021-01-20,227870,1865.90002441406,56.0800018310547
9923000,2021-01-19,226450,1839.5,55.9000015258789
9622000,2021-01-18,219830,,
9999000,2021-01-16,229470,,
10391000,2021-01-14,239530,1850.30004882813,56.4199981689453
10391000,2021-01-13,238540,1853.59997558594,56.060001373291
10828000,2021-01-12,244430,1842.90002441406,56.5800018310547
11061000,2021-01-11,249180,1849.59997558594,55.6599998474121
11015000,2021-01-10,248740,,
11086000,2021-01-09,248770,,
11573000,2021-01-07,255510,1912.30004882813,54.3800010681152
11573000,2021-01-06,254850,1906.90002441406,54.2999992370606
11668000,2021-01-05,258530,1952.69995117188,53.5999984741211
12065000,2021-01-04,260980,1944.69995117188,51.0900001525879
11883000,2021-01-03,258980,,
11580000,2021-01-02,257140,,
11479600,2020-12-30,256294,1891,51.3400001525879
11469000,2020-12-29,257350,1879.69995117188,51.0900001525879
11437000,2020-12-28,257150,1877.19995117188,50.8600006103516
11493000,2020-12-27,257440,,
11465000,2020-12-26,257740,,
11539000,2020-12-24,258620,1879.90002441406,51.2900009155273
11539000,2020-12-23,259120,1874.69995117188,51.2000007629395
11490000,2020-12-22,259280,1866.59997558594,50.0800018310547
11421000,2020-12-21,256820,1879.19995117188,50.9099998474121
11412000,2020-12-20,256040,,
11370000,2020-12-19,255440,,
11372000,2020-12-17,258020,1887.19995117188,51.5
11372000,2020-12-16,260210,1856.09997558594,51.0800018310547
11299000,2020-12-15,257760,1852.30004882813,50.7599983215332
11379000,2020-12-14,259960,1828.69995117188,50.2900009155273
